bank_receipt_id,bank_account_id,bank_date,receipt_amount,currency,fx_rate_to_usd,legal_entity,bank_reference,source_bank_file,matched_status,created_at
BR-000001,BANK-ACM-01,2026-05-31,1265.79,USD,1.0,Acme US Inc,WIRE806648,bank_2026-05.csv,matched,2026-05-31
BR-000002,BANK-ACM-01,2025-09-09,6900.0,USD,1.0,Acme US Inc,WIRE945159,bank_2025-09.csv,matched,2025-09-09
BR-000003,BANK-ACM-01,2025-12-25,7935.0,USD,1.0,Acme US Inc,WIRE541769,bank_2025-12.csv,matched,2025-12-25
BR-000004,BANK-ACM-01,2025-09-20,2508.33,USD,1.0,Acme US Inc,WIRE870811,bank_2025-09.csv,matched,2025-09-20
BR-000005,BANK-ACM-01,2025-10-01,2853.17,EUR,1.08,Acme US Inc,WIRE399522,bank_2025-10.csv,unmatched,2025-10-01
BR-000006,BANK-ACM-01,2026-01-24,1983.72,USD,1.0,Acme US Inc,WIRE125824,bank_2026-01.csv,matched,2026-01-24
BR-000007,BANK-ACM-01,2026-02-21,2508.33,USD,1.0,Acme US Inc,WIRE316714,bank_2026-02.csv,matched,2026-02-21
BR-000008,BANK-ACM-01,2026-03-08,2508.33,USD,1.0,Acme US Inc,WIRE417861,bank_2026-03.csv,matched,2026-03-08
BR-000009,BANK-ACM-01,2026-05-30,2508.33,USD,1.0,Acme US Inc,WIRE643521,bank_2026-05.csv,matched,2026-05-30
BR-000010,BANK-ACM-01,2026-01-05,16501.69,USD,1.0,Acme US Inc,WIRE655336,bank_2026-01.csv,matched,2026-01-05
BR-000011,BANK-ACM-01,2026-01-09,24465.82,USD,1.0,Acme US Inc,WIRE152300,bank_2026-01.csv,matched,2026-01-09
BR-000012,BANK-ACM-01,2026-03-17,30196.04,USD,1.0,Acme US Inc,WIRE246342,bank_2026-03.csv,matched,2026-03-17
BR-000013,BANK-ACM-01,2026-04-20,20706.38,USD,1.0,Acme US Inc,WIRE552453,bank_2026-04.csv,matched,2026-04-20
BR-000014,BANK-ACM-01,2025-10-13,443263.57,USD,1.0,Acme US Inc,WIRE802115,bank_2025-10.csv,matched,2025-10-13
BR-000015,BANK-ACM-01,2025-10-07,25200.0,USD,1.0,Acme US Inc,WIRE707791,bank_2025-10.csv,matched,2025-10-07
BR-000016,BANK-ACM-01,2025-09-25,16400.0,USD,1.0,Acme US Inc,WIRE942095,bank_2025-09.csv,matched,2025-09-25
BR-000017,BANK-ACM-01,2025-09-30,3925.03,USD,1.0,Acme US Inc,WIRE208501,bank_2025-09.csv,matched,2025-09-30
BR-000018,BANK-ACM-01,2025-11-12,3882.5,USD,1.0,Acme US Inc,WIRE842974,bank_2025-11.csv,matched,2025-11-12
BR-000019,BANK-ACM-01,2026-02-09,3917.68,USD,1.0,Acme US Inc,WIRE842453,bank_2026-02.csv,matched,2026-02-09
BR-000020,BANK-ACM-01,2026-03-18,3212.78,USD,1.0,Acme US Inc,WIRE349588,bank_2026-03.csv,unmatched,2026-03-18
BR-000021,BANK-ACM-01,2026-04-18,4959.77,USD,1.0,Acme US Inc,WIRE474904,bank_2026-04.csv,matched,2026-04-18
BR-000022,BANK-ACM-01,2026-04-27,2602.94,USD,1.0,Acme US Inc,WIRE573354,bank_2026-04.csv,matched,2026-04-27
BR-000023,BANK-ACM-01,2025-10-09,13771.53,USD,1.0,Acme US Inc,WIRE686213,bank_2025-10.csv,matched,2025-10-09
BR-000024,BANK-ACM-01,2025-12-07,14024.15,USD,1.0,Acme US Inc,WIRE375070,bank_2025-12.csv,matched,2025-12-07
BR-000025,BANK-ACM-01,2025-12-31,13117.39,USD,1.0,Acme US Inc,WIRE748315,bank_2025-12.csv,matched,2025-12-31
BR-000026,BANK-ACM-01,2026-04-08,14087.55,USD,1.0,Acme US Inc,WIRE845010,bank_2026-04.csv,matched,2026-04-08
BR-000027,BANK-ACM-01,2026-05-17,877014.9,EUR,1.08,Acme EU GmbH,WIRE452379,bank_2026-05.csv,matched,2026-05-17
BR-000028,BANK-ACM-01,2026-03-21,7675.0,USD,1.0,Acme US Inc,WIRE412479,bank_2026-03.csv,matched,2026-03-21
BR-000029,BANK-ACM-01,2025-11-06,5850.0,USD,1.0,Acme US Inc,WIRE325816,bank_2025-11.csv,matched,2025-11-06
BR-000030,BANK-ACM-01,2025-11-11,6295.26,USD,1.0,Acme US Inc,WIRE914020,bank_2025-11.csv,matched,2025-11-11
BR-000031,BANK-ACM-01,2025-09-22,470551.18,GBP,1.27,Acme UK Ltd,WIRE165572,bank_2025-09.csv,matched,2025-09-22
BR-000032,BANK-ACM-01,2025-09-16,327646.84,GBP,1.27,Acme UK Ltd,WIRE613383,bank_2025-09.csv,matched,2025-09-16
BR-000033,BANK-ACM-01,2026-02-21,8415000.01,ARS,0.0011,Acme Argentina SA,WIRE387593,bank_2026-02.csv,matched,2026-02-21
BR-000034,BANK-ACM-01,2026-04-08,6954545.46,ARS,0.0011,Acme Argentina SA,WIRE654236,bank_2026-04.csv,matched,2026-04-08
BR-000035,BANK-ACM-01,2025-12-28,2960.45,USD,1.0,Acme US Inc,WIRE408632,bank_2025-12.csv,unmatched,2025-12-28
BR-000036,BANK-ACM-01,2026-02-03,3097.77,USD,1.0,Acme US Inc,WIRE685651,bank_2026-02.csv,matched,2026-02-03
BR-000037,BANK-ACM-01,2026-04-09,3092.12,USD,1.0,Acme US Inc,WIRE197492,bank_2026-04.csv,matched,2026-04-09
BR-000038,BANK-ACM-01,2026-04-22,2021.5,EUR,1.08,Acme US Inc,WIRE118142,bank_2026-04.csv,matched,2026-04-22
BR-000039,BANK-ACM-01,2026-05-24,3098.95,USD,1.0,Acme US Inc,WIRE362016,bank_2026-05.csv,matched,2026-05-24
BR-000040,BANK-ACM-01,2025-12-27,1448.01,USD,1.0,Acme US Inc,WIRE277575,bank_2025-12.csv,matched,2025-12-27
BR-000041,BANK-ACM-01,2026-02-26,1559.57,USD,1.0,Acme US Inc,WIRE597312,bank_2026-02.csv,matched,2026-02-26
BR-000042,BANK-ACM-01,2026-02-26,1872.13,USD,1.0,Acme US Inc,WIRE609853,bank_2026-02.csv,matched,2026-02-26
BR-000043,BANK-ACM-01,2026-03-29,1515.36,USD,1.0,Acme US Inc,WIRE519408,bank_2026-03.csv,matched,2026-03-29
BR-000044,BANK-ACM-01,2026-05-24,1911.72,USD,1.0,Acme US Inc,WIRE450253,bank_2026-05.csv,matched,2026-05-24
BR-000045,BANK-ACM-01,2026-05-31,1229.92,USD,1.0,Acme US Inc,WIRE924987,bank_2026-05.csv,matched,2026-05-31
BR-000046,BANK-ACM-01,2025-09-06,581.21,USD,1.0,Acme US Inc,WIRE926732,bank_2025-09.csv,matched,2025-09-06
BR-000047,BANK-ACM-01,2025-10-01,599.62,USD,1.0,Acme US Inc,WIRE261417,bank_2025-10.csv,matched,2025-10-01
BR-000048,BANK-ACM-01,2026-01-20,601.79,USD,1.0,Acme US Inc,WIRE929947,bank_2026-01.csv,matched,2026-01-20
BR-000049,BANK-ACM-01,2026-03-09,659.77,USD,1.0,Acme US Inc,WIRE891972,bank_2026-03.csv,matched,2026-03-09
BR-000050,BANK-ACM-01,2026-03-21,544.77,USD,1.0,Acme US Inc,WIRE649208,bank_2026-03.csv,unmatched,2026-03-21
BR-000051,BANK-ACM-01,2026-05-31,696.18,USD,1.0,Acme US Inc,WIRE160784,bank_2026-05.csv,matched,2026-05-31
BR-000052,BANK-ACM-01,2025-11-30,10100.0,USD,1.0,Acme US Inc,WIRE134609,bank_2025-11.csv,matched,2025-11-30
BR-000053,BANK-ACM-01,2026-01-17,58584795.12,ARS,0.0011,Acme Argentina SA,WIRE840022,bank_2026-01.csv,matched,2026-01-17
BR-000054,BANK-ACM-01,2025-12-18,222592.6,EUR,1.08,Acme EU GmbH,WIRE414597,bank_2025-12.csv,matched,2025-12-18
BR-000055,BANK-ACM-01,2026-01-25,263887.96,EUR,1.08,Acme EU GmbH,WIRE271386,bank_2026-01.csv,matched,2026-01-25
BR-000056,BANK-ACM-01,2026-02-23,222592.6,EUR,1.08,Acme EU GmbH,WIRE500159,bank_2026-02.csv,matched,2026-02-23
BR-000057,BANK-ACM-01,2026-03-12,185493.83,EUR,1.08,Acme EU GmbH,WIRE888766,bank_2026-03.csv,matched,2026-03-12
BR-000058,BANK-ACM-01,2026-05-19,148735.1,EUR,1.08,Acme EU GmbH,WIRE747028,bank_2026-05.csv,matched,2026-05-19
BR-000059,BANK-ACM-01,2026-05-31,189203.71,EUR,1.08,Acme EU GmbH,WIRE459757,bank_2026-05.csv,matched,2026-05-31
BR-000060,BANK-ACM-01,2026-05-31,413592.59,EUR,1.08,Acme EU GmbH,WIRE198716,bank_2026-05.csv,matched,2026-05-31
BR-000061,BANK-ACM-01,2026-04-22,5150.0,USD,1.0,Acme US Inc,WIRE128601,bank_2026-04.csv,matched,2026-04-22
BR-000062,BANK-ACM-01,2025-11-04,2157.06,USD,1.0,Acme US Inc,WIRE699274,bank_2025-11.csv,matched,2025-11-04
BR-000063,BANK-ACM-01,2025-12-12,3399.93,USD,1.0,Acme US Inc,WIRE315351,bank_2025-12.csv,matched,2025-12-12
BR-000064,BANK-ACM-01,2025-12-26,3096.57,USD,1.0,Acme US Inc,WIRE172568,bank_2025-12.csv,matched,2025-12-26
BR-000065,BANK-ACM-01,2026-02-14,4125.8,USD,1.0,Acme US Inc,WIRE781117,bank_2026-02.csv,unmatched,2026-02-14
BR-000066,BANK-ACM-01,2026-03-10,4213.93,USD,1.0,Acme US Inc,WIRE608623,bank_2026-03.csv,matched,2026-03-10
BR-000067,BANK-ACM-01,2026-04-30,2839.29,USD,1.0,Acme US Inc,WIRE438087,bank_2026-04.csv,matched,2026-04-30
BR-000068,BANK-ACM-01,2026-05-31,3482.98,USD,1.0,Acme US Inc,WIRE752999,bank_2026-05.csv,matched,2026-05-31
BR-000069,BANK-ACM-01,2026-03-08,2175.42,USD,1.0,Acme US Inc,WIRE788568,bank_2026-03.csv,matched,2026-03-08
BR-000070,BANK-ACM-01,2026-04-18,72333.34,EUR,1.08,Acme EU GmbH,WIRE468676,bank_2026-04.csv,matched,2026-04-18
BR-000071,BANK-ACM-01,2025-11-26,19046.97,USD,1.0,Acme US Inc,WIRE341140,bank_2025-11.csv,matched,2025-11-26
BR-000072,BANK-ACM-01,2026-02-02,24800.0,USD,1.0,Acme US Inc,WIRE105778,bank_2026-02.csv,matched,2026-02-02
BR-000073,BANK-ACM-01,2026-02-04,24800.0,USD,1.0,Acme US Inc,WIRE567748,bank_2026-02.csv,matched,2026-02-04
BR-000074,BANK-ACM-01,2025-06-17,51689.87,USD,1.0,Acme US Inc,WIRE216059,bank_2025-06.csv,matched,2025-06-17
BR-000075,BANK-ACM-01,2025-07-08,75300.0,USD,1.0,Acme US Inc,WIRE323806,bank_2025-07.csv,matched,2025-07-08
BR-000076,BANK-ACM-01,2026-04-28,24466.53,USD,1.0,Acme US Inc,WIRE407762,bank_2026-04.csv,matched,2026-04-28
BR-000077,BANK-ACM-01,2026-05-31,169000.0,USD,1.0,Acme US Inc,WIRE396613,bank_2026-05.csv,matched,2026-05-31
BR-000078,BANK-ACM-01,2025-10-27,190675.91,USD,1.0,Acme US Inc,WIRE706171,bank_2025-10.csv,matched,2025-10-27
BR-000079,BANK-ACM-01,2026-05-16,16123.48,USD,1.0,Acme US Inc,WIRE265218,bank_2026-05.csv,matched,2026-05-16
BR-000080,BANK-ACM-01,2026-05-31,13037.35,USD,1.0,Acme US Inc,WIRE496731,bank_2026-05.csv,unmatched,2026-05-31
BR-000081,BANK-ACM-01,2026-05-23,174752.98,MXN,0.058,Acme Mexico SA,WIRE980815,bank_2026-05.csv,matched,2026-05-23
BR-000082,BANK-ACM-01,2026-02-06,86146.85,BRL,0.2,Acme Brasil Ltda,WIRE653742,bank_2026-02.csv,matched,2026-02-06
BR-000083,BANK-ACM-01,2026-01-28,105986.44,BRL,0.2,Acme Brasil Ltda,WIRE810693,bank_2026-01.csv,matched,2026-01-28
BR-000084,BANK-ACM-01,2026-03-25,124302.58,BRL,0.2,Acme Brasil Ltda,WIRE557148,bank_2026-03.csv,matched,2026-03-25
BR-000085,BANK-ACM-01,2026-05-19,77781.94,BRL,0.2,Acme Brasil Ltda,WIRE342765,bank_2026-05.csv,matched,2026-05-19
BR-000086,BANK-ACM-01,2026-04-11,397800.0,BRL,0.2,Acme Brasil Ltda,WIRE815486,bank_2026-04.csv,matched,2026-04-11
BR-000087,BANK-ACM-01,2026-05-31,340000.0,BRL,0.2,Acme Brasil Ltda,WIRE833400,bank_2026-05.csv,matched,2026-05-31
BR-000088,BANK-ACM-01,2026-05-31,1990.2,USD,1.0,Acme US Inc,WIRE594810,bank_2026-05.csv,matched,2026-05-31
BR-000089,BANK-ACM-01,2026-05-31,3289.4,USD,1.0,Acme US Inc,WIRE394943,bank_2026-05.csv,matched,2026-05-31
BR-000090,BANK-ACM-01,2026-04-06,36538.32,USD,1.0,Acme US Inc,WIRE258973,bank_2026-04.csv,matched,2026-04-06
BR-000091,BANK-ACM-01,2026-05-31,4222.22,EUR,1.08,Acme EU GmbH,WIRE143700,bank_2026-05.csv,matched,2026-05-31
BR-000092,BANK-ACM-01,2025-05-28,322207.05,USD,1.0,Acme US Inc,WIRE872571,bank_2025-05.csv,matched,2025-05-28
BR-000093,BANK-ACM-01,2026-05-14,232066.67,USD,1.0,Acme US Inc,WIRE432307,bank_2026-05.csv,matched,2026-05-14
BR-000094,BANK-ACM-01,2026-05-30,232066.67,USD,1.0,Acme US Inc,WIRE835076,bank_2026-05.csv,matched,2026-05-30
BR-000095,BANK-ACM-01,2026-04-17,2484.33,USD,1.0,Acme US Inc,WIRE333239,bank_2026-04.csv,unmatched,2026-04-17
BR-000096,BANK-ACM-01,2026-05-19,3500.0,USD,1.0,Acme US Inc,WIRE482769,bank_2026-05.csv,matched,2026-05-19
BR-000097,BANK-ACM-01,2026-05-06,2466.67,USD,1.0,Acme US Inc,WIRE850910,bank_2026-05.csv,matched,2026-05-06
BR-000098,BANK-ACM-01,2026-05-31,2836.67,USD,1.0,Acme US Inc,WIRE593346,bank_2026-05.csv,matched,2026-05-31
BR-000099,BANK-ACM-01,2025-06-03,4900.0,USD,1.0,Acme US Inc,WIRE980474,bank_2025-06.csv,matched,2025-06-03
BR-000100,BANK-ACM-01,2025-09-06,1222.22,EUR,1.08,Acme EU GmbH,WIRE519934,bank_2025-09.csv,matched,2025-09-06
BR-000101,BANK-ACM-01,2025-10-01,1222.22,EUR,1.08,Acme EU GmbH,WIRE891815,bank_2025-10.csv,matched,2025-10-01
BR-000102,BANK-ACM-01,2025-08-18,2888.89,EUR,1.08,Acme EU GmbH,WIRE864084,bank_2025-08.csv,matched,2025-08-18
BR-000103,BANK-ACM-01,2025-10-02,2888.89,EUR,1.08,Acme EU GmbH,WIRE289203,bank_2025-10.csv,matched,2025-10-02
BR-000104,BANK-ACM-01,2026-05-31,1988.05,EUR,1.08,Acme EU GmbH,WIRE425122,bank_2026-05.csv,matched,2026-05-31
BR-000105,BANK-ACM-01,2026-05-31,215575.74,USD,1.0,Acme US Inc,WIRE422394,bank_2026-05.csv,matched,2026-05-31
BR-000106,BANK-ACM-01,2026-01-24,5452.53,GBP,1.27,Acme UK Ltd,WIRE477308,bank_2026-01.csv,matched,2026-01-24
BR-000107,BANK-ACM-01,2026-01-09,7937.0,GBP,1.27,Acme UK Ltd,WIRE805799,bank_2026-01.csv,matched,2026-01-09
BR-000108,BANK-ACM-01,2026-03-02,7937.0,GBP,1.27,Acme UK Ltd,WIRE611893,bank_2026-03.csv,matched,2026-03-02
BR-000109,BANK-ACM-01,2026-02-19,3496111.12,EUR,1.08,Acme EU GmbH,WIRE971694,bank_2026-02.csv,matched,2026-02-19
BR-000110,BANK-ACM-01,2026-02-25,95540.0,USD,1.0,Acme US Inc,WIRE600979,bank_2026-02.csv,unmatched,2026-02-25
BR-000111,BANK-ACM-01,2026-04-04,2850.4,GBP,1.27,Acme UK Ltd,WIRE942932,bank_2026-04.csv,matched,2026-04-04
BR-000112,BANK-ACM-01,2026-05-31,1299.22,GBP,1.27,Acme UK Ltd,WIRE598661,bank_2026-05.csv,matched,2026-05-31
BR-000113,BANK-ACM-01,2025-10-07,16724.41,GBP,1.27,Acme UK Ltd,WIRE871886,bank_2025-10.csv,matched,2025-10-07
BR-000114,BANK-ACM-01,2025-12-23,23896.65,USD,1.0,Acme US Inc,WIRE493836,bank_2025-12.csv,matched,2025-12-23
BR-000115,BANK-ACM-01,2026-04-03,28143.34,USD,1.0,Acme US Inc,WIRE106023,bank_2026-04.csv,matched,2026-04-03
BR-000116,BANK-ACM-01,2025-08-16,456789.59,BRL,0.2,Acme Brasil Ltda,WIRE499711,bank_2025-08.csv,matched,2025-08-16
BR-000117,BANK-ACM-01,2025-12-07,517871.25,BRL,0.2,Acme Brasil Ltda,WIRE734039,bank_2025-12.csv,matched,2025-12-07
BR-000118,BANK-ACM-01,2026-03-16,517871.25,BRL,0.2,Acme Brasil Ltda,WIRE397639,bank_2026-03.csv,matched,2026-03-16
BR-000119,BANK-ACM-01,2025-10-14,743535.0,BRL,0.2,Acme Brasil Ltda,WIRE933117,bank_2025-10.csv,matched,2025-10-14
BR-000120,BANK-ACM-01,2025-06-17,1241.67,USD,1.0,Acme US Inc,WIRE858058,bank_2025-06.csv,matched,2025-06-17
BR-000121,BANK-ACM-01,2025-06-26,1241.67,USD,1.0,Acme US Inc,WIRE889593,bank_2025-06.csv,matched,2025-06-26
BR-000122,BANK-ACM-01,2025-09-14,1241.67,USD,1.0,Acme US Inc,WIRE223649,bank_2025-09.csv,matched,2025-09-14
BR-000123,BANK-ACM-01,2025-09-27,1241.67,USD,1.0,Acme US Inc,WIRE263423,bank_2025-09.csv,matched,2025-09-27
BR-000124,BANK-ACM-01,2025-10-07,1241.67,USD,1.0,Acme US Inc,WIRE736633,bank_2025-10.csv,matched,2025-10-07
BR-000125,BANK-ACM-01,2025-11-26,918.8,USD,1.0,Acme US Inc,WIRE481718,bank_2025-11.csv,unmatched,2025-11-26
BR-000126,BANK-ACM-01,2025-12-23,1241.67,USD,1.0,Acme US Inc,WIRE549702,bank_2025-12.csv,matched,2025-12-23
BR-000127,BANK-ACM-01,2026-01-05,978.53,USD,1.0,Acme US Inc,WIRE349861,bank_2026-01.csv,matched,2026-01-05
BR-000128,BANK-ACM-01,2026-02-17,1241.67,USD,1.0,Acme US Inc,WIRE745534,bank_2026-02.csv,matched,2026-02-17
BR-000129,BANK-ACM-01,2026-04-01,1241.67,USD,1.0,Acme US Inc,WIRE781742,bank_2026-04.csv,matched,2026-04-01
BR-000130,BANK-ACM-01,2025-08-01,318000.0,USD,1.0,Acme US Inc,WIRE727868,bank_2025-08.csv,matched,2025-08-01
BR-000131,BANK-ACM-01,2025-07-18,191100.0,USD,1.0,Acme US Inc,WIRE977765,bank_2025-07.csv,matched,2025-07-18
BR-000132,BANK-ACM-01,2026-03-28,52036.86,EUR,1.08,Acme EU GmbH,WIRE714044,bank_2026-03.csv,matched,2026-03-28
BR-000133,BANK-ACM-01,2026-04-28,11290.3,EUR,1.08,Acme EU GmbH,WIRE393882,bank_2026-04.csv,matched,2026-04-28
BR-000134,BANK-ACM-01,2026-05-31,6072.32,EUR,1.08,Acme EU GmbH,WIRE122337,bank_2026-05.csv,matched,2026-05-31
BR-000135,BANK-ACM-01,2025-07-21,8666.66,EUR,1.08,Acme EU GmbH,WIRE334138,bank_2025-07.csv,matched,2025-07-21
BR-000136,BANK-ACM-01,2025-12-18,25134.36,USD,1.0,Acme US Inc,WIRE509427,bank_2025-12.csv,matched,2025-12-18
BR-000137,BANK-ACM-01,2026-03-11,15986.5,USD,1.0,Acme US Inc,WIRE480394,bank_2026-03.csv,matched,2026-03-11
BR-000138,BANK-ACM-01,2025-10-13,8425.0,USD,1.0,Acme US Inc,WIRE484309,bank_2025-10.csv,matched,2025-10-13
BR-000139,BANK-ACM-01,2025-11-03,8425.0,USD,1.0,Acme US Inc,WIRE531987,bank_2025-11.csv,matched,2025-11-03
BR-000140,BANK-ACM-01,2026-01-05,8425.0,USD,1.0,Acme US Inc,WIRE163573,bank_2026-01.csv,unmatched,2026-01-05
BR-000141,BANK-ACM-01,2026-01-29,8425.0,USD,1.0,Acme US Inc,WIRE929000,bank_2026-01.csv,matched,2026-01-29
BR-000142,BANK-ACM-01,2026-03-28,8425.0,USD,1.0,Acme US Inc,WIRE773427,bank_2026-03.csv,matched,2026-03-28
BR-000143,BANK-ACM-01,2026-04-02,8425.0,USD,1.0,Acme US Inc,WIRE948356,bank_2026-04.csv,matched,2026-04-02
BR-000144,BANK-ACM-01,2026-05-31,7118.95,USD,1.0,Acme US Inc,WIRE925989,bank_2026-05.csv,matched,2026-05-31
BR-000145,BANK-ACM-01,2026-05-31,8425.0,USD,1.0,Acme US Inc,WIRE230382,bank_2026-05.csv,matched,2026-05-31
BR-000146,BANK-ACM-01,2025-11-05,303023.63,GBP,1.27,Acme UK Ltd,WIRE624958,bank_2025-11.csv,matched,2025-11-05
BR-000147,BANK-ACM-01,2026-05-31,108094.49,GBP,1.27,Acme UK Ltd,WIRE788263,bank_2026-05.csv,matched,2026-05-31
BR-000148,BANK-ACM-01,2025-04-25,4400.0,USD,1.0,Acme US Inc,WIRE894150,bank_2025-04.csv,matched,2025-04-25
BR-000149,BANK-ACM-01,2025-05-30,7800.0,USD,1.0,Acme US Inc,WIRE394622,bank_2025-05.csv,matched,2025-05-30
BR-000150,BANK-ACM-01,2025-12-28,9712.43,USD,1.0,Acme US Inc,WIRE154646,bank_2025-12.csv,matched,2025-12-28
BR-000151,BANK-ACM-01,2025-09-04,103842.52,GBP,1.27,Acme UK Ltd,WIRE730996,bank_2025-09.csv,matched,2025-09-04
BR-000152,BANK-ACM-01,2025-04-17,193177.1,USD,1.0,Acme US Inc,WIRE878379,bank_2025-04.csv,matched,2025-04-17
BR-000153,BANK-ACM-01,2025-09-04,17452.11,USD,1.0,Acme US Inc,WIRE493798,bank_2025-09.csv,matched,2025-09-04
BR-000154,BANK-ACM-01,2025-08-30,6866.67,USD,1.0,Acme US Inc,WIRE983774,bank_2025-08.csv,matched,2025-08-30
BR-000155,BANK-ACM-01,2025-10-07,6866.67,USD,1.0,Acme US Inc,WIRE708227,bank_2025-10.csv,unmatched,2025-10-07
BR-000156,BANK-ACM-01,2025-10-30,2883.33,USD,1.0,Acme US Inc,WIRE807570,bank_2025-10.csv,matched,2025-10-30
BR-000157,BANK-ACM-01,2025-10-25,2883.33,USD,1.0,Acme US Inc,WIRE652821,bank_2025-10.csv,matched,2025-10-25
BR-000158,BANK-ACM-01,2026-01-16,2531.66,USD,1.0,Acme US Inc,WIRE348394,bank_2026-01.csv,matched,2026-01-16
BR-000159,BANK-ACM-01,2026-03-03,2883.33,USD,1.0,Acme US Inc,WIRE284068,bank_2026-03.csv,matched,2026-03-03
BR-000160,BANK-ACM-01,2026-04-04,2883.33,USD,1.0,Acme US Inc,WIRE267010,bank_2026-04.csv,matched,2026-04-04
BR-000161,BANK-ACM-01,2026-04-30,2883.33,USD,1.0,Acme US Inc,WIRE926712,bank_2026-04.csv,matched,2026-04-30
BR-000162,BANK-ACM-01,2026-04-30,2883.33,USD,1.0,Acme US Inc,WIRE603561,bank_2026-04.csv,matched,2026-04-30
BR-000163,BANK-ACM-01,2026-05-31,2883.33,USD,1.0,Acme US Inc,WIRE304617,bank_2026-05.csv,matched,2026-05-31
BR-000164,BANK-ACM-01,2026-03-29,61900.0,USD,1.0,Acme US Inc,WIRE933126,bank_2026-03.csv,matched,2026-03-29
BR-000165,BANK-ACM-01,2025-11-11,13488.52,USD,1.0,Acme US Inc,WIRE432406,bank_2025-11.csv,matched,2025-11-11
BR-000166,BANK-ACM-01,2026-03-08,1810699.33,MXN,0.058,Acme Mexico SA,WIRE280291,bank_2026-03.csv,matched,2026-03-08
BR-000167,BANK-ACM-01,2026-03-21,1215929.71,MXN,0.058,Acme Mexico SA,WIRE491154,bank_2026-03.csv,matched,2026-03-21
BR-000168,BANK-ACM-01,2026-04-14,1308521.79,MXN,0.058,Acme Mexico SA,WIRE470983,bank_2026-04.csv,matched,2026-04-14
BR-000169,BANK-ACM-01,2026-05-26,1133641.63,MXN,0.058,Acme Mexico SA,WIRE257633,bank_2026-05.csv,matched,2026-05-26
BR-000170,BANK-ACM-01,2025-12-21,1153689.84,MXN,0.058,Acme Mexico SA,WIRE707877,bank_2025-12.csv,unmatched,2025-12-21
BR-000171,BANK-ACM-01,2026-01-30,1552262.07,MXN,0.058,Acme Mexico SA,WIRE240368,bank_2026-01.csv,matched,2026-01-30
BR-000172,BANK-ACM-01,2026-03-16,1077233.86,MXN,0.058,Acme Mexico SA,WIRE801274,bank_2026-03.csv,matched,2026-03-16
BR-000173,BANK-ACM-01,2026-04-11,1782154.84,MXN,0.058,Acme Mexico SA,WIRE263437,bank_2026-04.csv,matched,2026-04-11
BR-000174,BANK-ACM-01,2026-05-31,1700087.38,MXN,0.058,Acme Mexico SA,WIRE522020,bank_2026-05.csv,matched,2026-05-31
BR-000175,BANK-ACM-01,2025-09-13,1972.28,USD,1.0,Acme US Inc,WIRE191987,bank_2025-09.csv,matched,2025-09-13
BR-000176,BANK-ACM-01,2025-10-12,1272.68,USD,1.0,Acme US Inc,WIRE889780,bank_2025-10.csv,matched,2025-10-12
BR-000177,BANK-ACM-01,2025-12-08,1986.13,USD,1.0,Acme US Inc,WIRE712570,bank_2025-12.csv,matched,2025-12-08
BR-000178,BANK-ACM-01,2026-01-11,1651.07,USD,1.0,Acme US Inc,WIRE787805,bank_2026-01.csv,matched,2026-01-11
BR-000179,BANK-ACM-01,2026-02-03,1948.37,USD,1.0,Acme US Inc,WIRE977433,bank_2026-02.csv,matched,2026-02-03
BR-000180,BANK-ACM-01,2026-03-06,1586.92,USD,1.0,Acme US Inc,WIRE690573,bank_2026-03.csv,matched,2026-03-06
BR-000181,BANK-ACM-01,2026-04-01,2253.07,USD,1.0,Acme US Inc,WIRE461331,bank_2026-04.csv,matched,2026-04-01
BR-000182,BANK-ACM-01,2026-05-02,2022.86,USD,1.0,Acme US Inc,WIRE320244,bank_2026-05.csv,matched,2026-05-02
BR-000183,BANK-ACM-01,2025-05-22,2016.67,USD,1.0,Acme US Inc,WIRE780824,bank_2025-05.csv,matched,2025-05-22
BR-000184,BANK-ACM-01,2025-06-27,2016.67,USD,1.0,Acme US Inc,WIRE214933,bank_2025-06.csv,matched,2025-06-27
BR-000185,BANK-ACM-01,2025-08-15,2016.67,USD,1.0,Acme US Inc,WIRE221160,bank_2025-08.csv,unmatched,2025-08-15
BR-000186,BANK-ACM-01,2025-09-19,2016.67,USD,1.0,Acme US Inc,WIRE296636,bank_2025-09.csv,matched,2025-09-19
BR-000187,BANK-ACM-01,2025-12-19,2016.67,USD,1.0,Acme US Inc,WIRE810689,bank_2025-12.csv,matched,2025-12-19
BR-000188,BANK-ACM-01,2026-01-09,2016.67,USD,1.0,Acme US Inc,WIRE341777,bank_2026-01.csv,matched,2026-01-09
BR-000189,BANK-ACM-01,2026-01-30,2016.67,USD,1.0,Acme US Inc,WIRE987412,bank_2026-01.csv,matched,2026-01-30
BR-000190,BANK-ACM-01,2026-02-26,2016.67,USD,1.0,Acme US Inc,WIRE513049,bank_2026-02.csv,matched,2026-02-26
BR-000191,BANK-ACM-01,2026-03-22,2016.67,USD,1.0,Acme US Inc,WIRE863156,bank_2026-03.csv,matched,2026-03-22
BR-000192,BANK-ACM-01,2026-05-31,2016.67,USD,1.0,Acme US Inc,WIRE195730,bank_2026-05.csv,matched,2026-05-31
BR-000193,BANK-ACM-01,2025-09-12,15400.0,USD,1.0,Acme US Inc,WIRE304879,bank_2025-09.csv,matched,2025-09-12
BR-000194,BANK-ACM-01,2026-04-25,11110000.0,ARS,0.0011,Acme Argentina SA,WIRE416076,bank_2026-04.csv,matched,2026-04-25
BR-000195,BANK-ACM-01,2025-06-16,8910000.0,ARS,0.0011,Acme Argentina SA,WIRE154565,bank_2025-06.csv,matched,2025-06-16
BR-000196,BANK-ACM-01,2026-02-18,5445000.0,ARS,0.0011,Acme Argentina SA,WIRE638973,bank_2026-02.csv,matched,2026-02-18
BR-000197,BANK-ACM-01,2026-03-11,5445000.0,ARS,0.0011,Acme Argentina SA,WIRE880325,bank_2026-03.csv,matched,2026-03-11
BR-000198,BANK-ACM-01,2026-03-12,11439999.99,ARS,0.0011,Acme Argentina SA,WIRE363088,bank_2026-03.csv,matched,2026-03-12
BR-000199,BANK-ACM-01,2026-02-28,741000.0,MXN,0.058,Acme Mexico SA,WIRE855573,bank_2026-02.csv,matched,2026-02-28
BR-000200,BANK-ACM-01,2025-11-17,71666.67,MXN,0.058,Acme Mexico SA,WIRE181181,bank_2025-11.csv,unmatched,2025-11-17
BR-000201,BANK-ACM-01,2025-12-29,71666.67,MXN,0.058,Acme Mexico SA,WIRE223242,bank_2025-12.csv,matched,2025-12-29
BR-000202,BANK-ACM-01,2026-03-08,71666.67,MXN,0.058,Acme Mexico SA,WIRE592744,bank_2026-03.csv,matched,2026-03-08
BR-000203,BANK-ACM-01,2026-03-26,13608.33,USD,1.0,Acme US Inc,WIRE531461,bank_2026-03.csv,matched,2026-03-26
BR-000204,BANK-ACM-01,2026-04-28,13608.33,USD,1.0,Acme US Inc,WIRE740266,bank_2026-04.csv,matched,2026-04-28
BR-000205,BANK-ACM-01,2026-05-31,3446666.67,ARS,0.0011,Acme Argentina SA,WIRE715391,bank_2026-05.csv,matched,2026-05-31
BR-000206,BANK-ACM-01,2025-10-24,30937.01,GBP,1.27,Acme UK Ltd,WIRE206563,bank_2025-10.csv,matched,2025-10-24
BR-000207,BANK-ACM-01,2025-10-26,30937.01,GBP,1.27,Acme UK Ltd,WIRE569629,bank_2025-10.csv,matched,2025-10-26
BR-000208,BANK-ACM-01,2025-12-23,30937.01,GBP,1.27,Acme UK Ltd,WIRE803098,bank_2025-12.csv,matched,2025-12-23
BR-000209,BANK-ACM-01,2026-01-10,30937.01,GBP,1.27,Acme UK Ltd,WIRE341271,bank_2026-01.csv,matched,2026-01-10
BR-000210,BANK-ACM-01,2026-03-08,30937.01,GBP,1.27,Acme UK Ltd,WIRE953650,bank_2026-03.csv,matched,2026-03-08
BR-000211,BANK-ACM-01,2026-03-18,30937.01,GBP,1.27,Acme UK Ltd,WIRE683493,bank_2026-03.csv,matched,2026-03-18
BR-000212,BANK-ACM-01,2026-04-16,30937.01,GBP,1.27,Acme UK Ltd,WIRE875818,bank_2026-04.csv,matched,2026-04-16
BR-000213,BANK-ACM-01,2026-05-31,30937.01,GBP,1.27,Acme UK Ltd,WIRE721042,bank_2026-05.csv,matched,2026-05-31
BR-000214,BANK-ACM-01,2026-05-31,30937.01,GBP,1.27,Acme UK Ltd,WIRE271713,bank_2026-05.csv,matched,2026-05-31
BR-000215,BANK-ACM-01,2025-10-03,162141.73,GBP,1.27,Acme UK Ltd,WIRE330159,bank_2025-10.csv,matched,2025-10-03
BR-000216,BANK-ACM-01,2025-12-01,6600.0,USD,1.0,Acme US Inc,WIRE242905,bank_2025-12.csv,matched,2025-12-01
BR-000217,BANK-ACM-01,2026-04-28,20666.66,EUR,1.08,Acme EU GmbH,WIRE430921,bank_2026-04.csv,matched,2026-04-28
BR-000218,BANK-ACM-01,2026-03-26,19111.12,EUR,1.08,Acme EU GmbH,WIRE630916,bank_2026-03.csv,matched,2026-03-26
BR-000219,BANK-ACM-01,2025-12-14,4689.87,EUR,1.08,Acme EU GmbH,WIRE891834,bank_2025-12.csv,matched,2025-12-14
BR-000220,BANK-ACM-01,2025-12-30,6222.23,EUR,1.08,Acme EU GmbH,WIRE961741,bank_2025-12.csv,matched,2025-12-30
BR-000221,BANK-ACM-01,2026-05-03,225237.63,USD,1.0,Acme US Inc,WIRE987689,bank_2026-05.csv,matched,2026-05-03
BR-000222,BANK-ACM-01,2026-05-31,294864.6,USD,1.0,Acme US Inc,WIRE586042,bank_2026-05.csv,matched,2026-05-31
BR-000223,BANK-ACM-01,2026-03-02,241383.33,USD,1.0,Acme US Inc,WIRE870741,bank_2026-03.csv,matched,2026-03-02
BR-000224,BANK-ACM-01,2026-04-15,241383.33,USD,1.0,Acme US Inc,WIRE753218,bank_2026-04.csv,matched,2026-04-15
BR-000225,BANK-ACM-01,2026-04-29,241383.33,USD,1.0,Acme US Inc,WIRE247080,bank_2026-04.csv,matched,2026-04-29
BR-000226,BANK-ACM-01,2025-12-07,269475.0,USD,1.0,Acme US Inc,WIRE606445,bank_2025-12.csv,matched,2025-12-07
BR-000227,BANK-ACM-01,2025-12-25,269475.0,USD,1.0,Acme US Inc,WIRE729246,bank_2025-12.csv,matched,2025-12-25
BR-000228,BANK-ACM-01,2025-12-31,269475.0,USD,1.0,Acme US Inc,WIRE446753,bank_2025-12.csv,matched,2025-12-31
BR-000229,BANK-ACM-01,2026-02-20,269475.0,USD,1.0,Acme US Inc,WIRE134769,bank_2026-02.csv,matched,2026-02-20
BR-000230,BANK-ACM-01,2026-05-02,229915.13,USD,1.0,Acme US Inc,WIRE498242,bank_2026-05.csv,matched,2026-05-02
BR-000231,BANK-ACM-01,2026-05-28,269475.0,USD,1.0,Acme US Inc,WIRE132902,bank_2026-05.csv,matched,2026-05-28
BR-000232,BANK-ACM-01,2026-05-31,269475.0,USD,1.0,Acme US Inc,WIRE247393,bank_2026-05.csv,matched,2026-05-31
BR-000233,BANK-ACM-01,2025-09-03,275508.33,USD,1.0,Acme US Inc,WIRE424106,bank_2025-09.csv,matched,2025-09-03
BR-000234,BANK-ACM-01,2025-12-05,205599.43,USD,1.0,Acme US Inc,WIRE340747,bank_2025-12.csv,matched,2025-12-05
BR-000235,BANK-ACM-01,2025-12-21,275508.33,USD,1.0,Acme US Inc,WIRE643196,bank_2025-12.csv,matched,2025-12-21
BR-000236,BANK-ACM-01,2026-01-16,275508.33,USD,1.0,Acme US Inc,WIRE397385,bank_2026-01.csv,matched,2026-01-16
BR-000237,BANK-ACM-01,2026-02-02,275508.33,USD,1.0,Acme US Inc,WIRE541174,bank_2026-02.csv,matched,2026-02-02
BR-000238,BANK-ACM-01,2026-03-27,275508.33,USD,1.0,Acme US Inc,WIRE383226,bank_2026-03.csv,matched,2026-03-27
BR-000239,BANK-ACM-01,2026-05-05,275508.33,USD,1.0,Acme US Inc,WIRE410491,bank_2026-05.csv,matched,2026-05-05
BR-000240,BANK-ACM-01,2026-05-02,275508.33,USD,1.0,Acme US Inc,WIRE724291,bank_2026-05.csv,matched,2026-05-02
BR-000241,BANK-ACM-01,2026-05-31,275508.33,USD,1.0,Acme US Inc,WIRE974677,bank_2026-05.csv,matched,2026-05-31
BR-000242,BANK-ACM-01,2026-05-31,2036.98,GBP,1.27,Acme UK Ltd,WIRE437585,bank_2026-05.csv,matched,2026-05-31
BR-000243,BANK-ACM-01,2025-12-31,11527.56,GBP,1.27,Acme UK Ltd,WIRE494465,bank_2025-12.csv,matched,2025-12-31
BR-000244,BANK-ACM-01,2025-09-01,9900000.0,ARS,0.0011,Acme Argentina SA,WIRE863410,bank_2025-09.csv,matched,2025-09-01
BR-000245,BANK-ACM-01,2025-03-26,2035000.0,ARS,0.0011,Acme Argentina SA,WIRE986971,bank_2025-03.csv,matched,2025-03-26
BR-000246,BANK-ACM-01,2025-07-03,1592991.47,ARS,0.0011,Acme Argentina SA,WIRE303062,bank_2025-07.csv,matched,2025-07-03
BR-000247,BANK-ACM-01,2026-01-17,2035000.0,ARS,0.0011,Acme Argentina SA,WIRE170714,bank_2026-01.csv,matched,2026-01-17
BR-000248,BANK-ACM-01,2026-03-31,2035000.0,ARS,0.0011,Acme Argentina SA,WIRE429961,bank_2026-03.csv,matched,2026-03-31
BR-000249,BANK-ACM-01,2026-01-05,515385.0,BRL,0.2,Acme Brasil Ltda,WIRE321885,bank_2026-01.csv,matched,2026-01-05
BR-000250,BANK-ACM-01,2025-11-06,534690.0,BRL,0.2,Acme Brasil Ltda,WIRE121812,bank_2025-11.csv,matched,2025-11-06
BR-000251,BANK-ACM-01,2026-02-05,54102.95,BRL,0.2,Acme Brasil Ltda,WIRE736597,bank_2026-02.csv,matched,2026-02-05
BR-000252,BANK-ACM-01,2026-03-02,65805.08,BRL,0.2,Acme Brasil Ltda,WIRE732681,bank_2026-03.csv,matched,2026-03-02
BR-000253,BANK-ACM-01,2026-03-12,69949.87,BRL,0.2,Acme Brasil Ltda,WIRE796985,bank_2026-03.csv,matched,2026-03-12
BR-000254,BANK-ACM-01,2026-04-11,55014.94,BRL,0.2,Acme Brasil Ltda,WIRE778799,bank_2026-04.csv,matched,2026-04-11
BR-000255,BANK-ACM-01,2025-06-03,198648.68,GBP,1.27,Acme UK Ltd,WIRE755863,bank_2025-06.csv,matched,2025-06-03
BR-000256,BANK-ACM-01,2026-05-31,143047.31,GBP,1.27,Acme UK Ltd,WIRE231173,bank_2026-05.csv,matched,2026-05-31
BR-000257,BANK-ACM-01,2025-09-07,35916.68,GBP,1.27,Acme UK Ltd,WIRE798794,bank_2025-09.csv,matched,2025-09-07
BR-000258,BANK-ACM-01,2025-11-14,49742.77,GBP,1.27,Acme UK Ltd,WIRE276649,bank_2025-11.csv,matched,2025-11-14
BR-000259,BANK-ACM-01,2025-03-30,52699429.57,MXN,0.058,Acme Mexico SA,WIRE420924,bank_2025-03.csv,matched,2025-03-30
BR-000260,BANK-ACM-01,2026-05-03,51876369.44,MXN,0.058,Acme Mexico SA,WIRE392498,bank_2026-05.csv,matched,2026-05-03
BR-000261,BANK-ACM-01,2026-05-31,4274166.67,MXN,0.058,Acme Mexico SA,WIRE628058,bank_2026-05.csv,matched,2026-05-31
BR-000262,BANK-ACM-01,2026-03-28,244970000.01,ARS,0.0011,Acme Argentina SA,WIRE418635,bank_2026-03.csv,matched,2026-03-28
BR-000263,BANK-ACM-01,2025-10-25,152675.93,EUR,1.08,Acme EU GmbH,WIRE696741,bank_2025-10.csv,matched,2025-10-25
BR-000264,BANK-ACM-01,2025-11-13,152675.93,EUR,1.08,Acme EU GmbH,WIRE312262,bank_2025-11.csv,matched,2025-11-13
BR-000265,BANK-ACM-01,2025-12-28,137892.3,EUR,1.08,Acme EU GmbH,WIRE145971,bank_2025-12.csv,matched,2025-12-28
BR-000266,BANK-ACM-01,2025-12-27,152675.93,EUR,1.08,Acme EU GmbH,WIRE782343,bank_2025-12.csv,matched,2025-12-27
BR-000267,BANK-ACM-01,2026-02-02,152675.93,EUR,1.08,Acme EU GmbH,WIRE774442,bank_2026-02.csv,matched,2026-02-02
BR-000268,BANK-ACM-01,2026-03-06,152675.93,EUR,1.08,Acme EU GmbH,WIRE506251,bank_2026-03.csv,matched,2026-03-06
BR-000269,BANK-ACM-01,2026-04-19,152675.93,EUR,1.08,Acme EU GmbH,WIRE981577,bank_2026-04.csv,matched,2026-04-19
BR-000270,BANK-ACM-01,2025-06-13,2924.1,USD,1.0,Acme US Inc,WIRE568328,bank_2025-06.csv,matched,2025-06-13
BR-000271,BANK-ACM-01,2025-07-16,1915.45,USD,1.0,Acme US Inc,WIRE816595,bank_2025-07.csv,matched,2025-07-16
BR-000272,BANK-ACM-01,2025-09-16,1827.0,USD,1.0,Acme US Inc,WIRE182738,bank_2025-09.csv,matched,2025-09-16
BR-000273,BANK-ACM-01,2025-09-10,1652.52,USD,1.0,Acme US Inc,WIRE870168,bank_2025-09.csv,matched,2025-09-10
BR-000274,BANK-ACM-01,2025-11-20,1933.48,USD,1.0,Acme US Inc,WIRE478873,bank_2025-11.csv,matched,2025-11-20
BR-000275,BANK-ACM-01,2025-12-08,2745.0,USD,1.0,Acme US Inc,WIRE819872,bank_2025-12.csv,matched,2025-12-08
BR-000276,BANK-ACM-01,2025-12-17,2123.49,USD,1.0,Acme US Inc,WIRE798746,bank_2025-12.csv,matched,2025-12-17
BR-000277,BANK-ACM-01,2026-01-27,2040.03,USD,1.0,Acme US Inc,WIRE596128,bank_2026-01.csv,matched,2026-01-27
BR-000278,BANK-ACM-01,2026-03-14,2946.71,USD,1.0,Acme US Inc,WIRE546326,bank_2026-03.csv,matched,2026-03-14
BR-000279,BANK-ACM-01,2026-03-16,1711.61,USD,1.0,Acme US Inc,WIRE631066,bank_2026-03.csv,matched,2026-03-16
BR-000280,BANK-ACM-01,2026-05-24,2085.1,USD,1.0,Acme US Inc,WIRE235491,bank_2026-05.csv,matched,2026-05-24
BR-000281,BANK-ACM-01,2025-06-19,6900.0,USD,1.0,Acme US Inc,WIRE788508,bank_2025-06.csv,matched,2025-06-19
BR-000282,BANK-ACM-01,2025-05-19,9900.0,USD,1.0,Acme US Inc,WIRE676012,bank_2025-05.csv,matched,2025-05-19
BR-000283,BANK-ACM-01,2025-12-01,176000.0,USD,1.0,Acme US Inc,WIRE449896,bank_2025-12.csv,matched,2025-12-01
BR-000284,BANK-ACM-01,2025-04-22,7800.0,USD,1.0,Acme US Inc,WIRE557702,bank_2025-04.csv,matched,2025-04-22
BR-000285,BANK-ACM-01,2025-07-13,5475.37,USD,1.0,Acme US Inc,WIRE254963,bank_2025-07.csv,matched,2025-07-13
BR-000286,BANK-ACM-01,2025-11-17,7800.0,USD,1.0,Acme US Inc,WIRE305368,bank_2025-11.csv,matched,2025-11-17
BR-000287,BANK-ACM-01,2026-01-19,18400.0,USD,1.0,Acme US Inc,WIRE643978,bank_2026-01.csv,matched,2026-01-19
BR-000288,BANK-ACM-01,2026-05-31,2669.66,USD,1.0,Acme US Inc,WIRE897570,bank_2026-05.csv,matched,2026-05-31
BR-000289,BANK-ACM-01,2026-05-31,3930.77,USD,1.0,Acme US Inc,WIRE515589,bank_2026-05.csv,matched,2026-05-31
BR-000290,BANK-ACM-01,2026-03-05,4600.0,USD,1.0,Acme US Inc,WIRE812902,bank_2026-03.csv,matched,2026-03-05
BR-000291,BANK-ACM-01,2026-01-15,177848.77,USD,1.0,Acme US Inc,WIRE508368,bank_2026-01.csv,matched,2026-01-15
BR-000292,BANK-ACM-01,2026-03-30,285812.52,USD,1.0,Acme US Inc,WIRE718030,bank_2026-03.csv,matched,2026-03-30
BR-000293,BANK-ACM-01,2026-05-31,211512.92,USD,1.0,Acme US Inc,WIRE550995,bank_2026-05.csv,matched,2026-05-31
BR-000294,BANK-ACM-01,2026-01-30,98567.89,USD,1.0,Acme US Inc,WIRE749606,bank_2026-01.csv,matched,2026-01-30
BR-000295,BANK-ACM-01,2026-02-07,10612.55,USD,1.0,Acme US Inc,WIRE847859,bank_2026-02.csv,matched,2026-02-07
BR-000296,BANK-ACM-01,2026-03-08,7074.17,USD,1.0,Acme US Inc,WIRE616866,bank_2026-03.csv,matched,2026-03-08
BR-000297,BANK-ACM-01,2026-03-16,7801.95,USD,1.0,Acme US Inc,WIRE969034,bank_2026-03.csv,matched,2026-03-16
BR-000298,BANK-ACM-01,2026-04-29,8292.83,USD,1.0,Acme US Inc,WIRE306599,bank_2026-04.csv,matched,2026-04-29
BR-000299,BANK-ACM-01,2025-09-03,15299.21,GBP,1.27,Acme UK Ltd,WIRE180396,bank_2025-09.csv,matched,2025-09-03
BR-000300,BANK-ACM-01,2025-10-17,13736.91,GBP,1.27,Acme UK Ltd,WIRE646351,bank_2025-10.csv,matched,2025-10-17
BR-000301,BANK-ACM-01,2025-12-27,15299.21,GBP,1.27,Acme UK Ltd,WIRE630469,bank_2025-12.csv,matched,2025-12-27
BR-000302,BANK-ACM-01,2026-01-14,15299.21,GBP,1.27,Acme UK Ltd,WIRE855797,bank_2026-01.csv,matched,2026-01-14
BR-000303,BANK-ACM-01,2026-03-27,15299.21,GBP,1.27,Acme UK Ltd,WIRE718649,bank_2026-03.csv,matched,2026-03-27
BR-000304,BANK-ACM-01,2026-05-31,15299.21,GBP,1.27,Acme UK Ltd,WIRE611498,bank_2026-05.csv,matched,2026-05-31
BR-000305,BANK-ACM-01,2026-05-26,15299.21,GBP,1.27,Acme UK Ltd,WIRE739094,bank_2026-05.csv,matched,2026-05-26
BR-000306,BANK-ACM-01,2025-11-26,15015.0,BRL,0.2,Acme Brasil Ltda,WIRE526440,bank_2025-11.csv,matched,2025-11-26
BR-000307,BANK-ACM-01,2026-01-10,15015.0,BRL,0.2,Acme Brasil Ltda,WIRE725125,bank_2026-01.csv,matched,2026-01-10
BR-000308,BANK-ACM-01,2026-01-09,15015.0,BRL,0.2,Acme Brasil Ltda,WIRE451855,bank_2026-01.csv,matched,2026-01-09
BR-000309,BANK-ACM-01,2026-03-06,15015.0,BRL,0.2,Acme Brasil Ltda,WIRE873649,bank_2026-03.csv,matched,2026-03-06
BR-000310,BANK-ACM-01,2026-04-01,15015.0,BRL,0.2,Acme Brasil Ltda,WIRE828421,bank_2026-04.csv,matched,2026-04-01
BR-000311,BANK-ACM-01,2026-05-08,15015.0,BRL,0.2,Acme Brasil Ltda,WIRE933644,bank_2026-05.csv,matched,2026-05-08
BR-000312,BANK-ACM-01,2026-05-18,10991.41,BRL,0.2,Acme Brasil Ltda,WIRE252312,bank_2026-05.csv,matched,2026-05-18
BR-000313,BANK-ACM-01,2026-03-20,39633.75,BRL,0.2,Acme Brasil Ltda,WIRE840947,bank_2026-03.csv,matched,2026-03-20
BR-000314,BANK-ACM-01,2026-05-31,39633.75,BRL,0.2,Acme Brasil Ltda,WIRE715411,bank_2026-05.csv,matched,2026-05-31
BR-000315,BANK-ACM-01,2026-03-14,3428.35,BRL,0.2,Acme Brasil Ltda,WIRE981266,bank_2026-03.csv,matched,2026-03-14
BR-000316,BANK-ACM-01,2026-04-19,2229.15,BRL,0.2,Acme Brasil Ltda,WIRE546728,bank_2026-04.csv,matched,2026-04-19
BR-000317,BANK-ACM-01,2026-05-16,2611.49,BRL,0.2,Acme Brasil Ltda,WIRE849172,bank_2026-05.csv,matched,2026-05-16
BR-000318,BANK-ACM-01,2026-05-16,2830.99,BRL,0.2,Acme Brasil Ltda,WIRE899831,bank_2026-05.csv,matched,2026-05-16
BR-000319,BANK-ACM-01,2025-05-08,363821.25,BRL,0.2,Acme Brasil Ltda,WIRE814785,bank_2025-05.csv,matched,2025-05-08
BR-000320,BANK-ACM-01,2025-05-30,363821.25,BRL,0.2,Acme Brasil Ltda,WIRE153151,bank_2025-05.csv,matched,2025-05-30
BR-000321,BANK-ACM-01,2025-07-06,363821.25,BRL,0.2,Acme Brasil Ltda,WIRE257288,bank_2025-07.csv,matched,2025-07-06
BR-000322,BANK-ACM-01,2025-07-09,363821.25,BRL,0.2,Acme Brasil Ltda,WIRE871253,bank_2025-07.csv,matched,2025-07-09
BR-000323,BANK-ACM-01,2025-08-12,248030.98,BRL,0.2,Acme Brasil Ltda,WIRE806823,bank_2025-08.csv,matched,2025-08-12
BR-000324,BANK-ACM-01,2025-09-28,363821.25,BRL,0.2,Acme Brasil Ltda,WIRE190380,bank_2025-09.csv,matched,2025-09-28
BR-000325,BANK-ACM-01,2025-11-02,363821.25,BRL,0.2,Acme Brasil Ltda,WIRE919906,bank_2025-11.csv,matched,2025-11-02
BR-000326,BANK-ACM-01,2025-11-08,363821.25,BRL,0.2,Acme Brasil Ltda,WIRE580487,bank_2025-11.csv,matched,2025-11-08
BR-000327,BANK-ACM-01,2025-12-08,363821.25,BRL,0.2,Acme Brasil Ltda,WIRE944188,bank_2025-12.csv,matched,2025-12-08
BR-000328,BANK-ACM-01,2025-12-31,363821.25,BRL,0.2,Acme Brasil Ltda,WIRE291181,bank_2025-12.csv,matched,2025-12-31
BR-000329,BANK-ACM-01,2026-02-24,363821.25,BRL,0.2,Acme Brasil Ltda,WIRE999733,bank_2026-02.csv,matched,2026-02-24
BR-000330,BANK-ACM-01,2026-03-04,363821.25,BRL,0.2,Acme Brasil Ltda,WIRE284936,bank_2026-03.csv,matched,2026-03-04
BR-000331,BANK-ACM-01,2026-03-28,363821.25,BRL,0.2,Acme Brasil Ltda,WIRE942507,bank_2026-03.csv,matched,2026-03-28
BR-000332,BANK-ACM-01,2026-05-31,363821.25,BRL,0.2,Acme Brasil Ltda,WIRE609352,bank_2026-05.csv,matched,2026-05-31
BR-000333,BANK-ACM-01,2026-05-31,363821.25,BRL,0.2,Acme Brasil Ltda,WIRE672326,bank_2026-05.csv,matched,2026-05-31
BR-000334,BANK-ACM-01,2026-05-31,363821.25,BRL,0.2,Acme Brasil Ltda,WIRE596543,bank_2026-05.csv,matched,2026-05-31
BR-000335,BANK-ACM-01,2026-05-31,1028430.0,BRL,0.2,Acme Brasil Ltda,WIRE911860,bank_2026-05.csv,matched,2026-05-31
BR-000336,BANK-ACM-01,2025-06-01,2530000.0,ARS,0.0011,Acme Argentina SA,WIRE242095,bank_2025-06.csv,matched,2025-06-01
BR-000337,BANK-ACM-01,2026-03-19,9570000.0,ARS,0.0011,Acme Argentina SA,WIRE495903,bank_2026-03.csv,matched,2026-03-19
BR-000338,BANK-ACM-01,2025-09-25,1469800.0,USD,1.0,Acme US Inc,WIRE969900,bank_2025-09.csv,matched,2025-09-25
BR-000339,BANK-ACM-01,2025-08-15,5700.0,USD,1.0,Acme US Inc,WIRE308980,bank_2025-08.csv,matched,2025-08-15
BR-000340,BANK-ACM-01,2026-04-25,2265.55,GBP,1.27,Acme UK Ltd,WIRE899668,bank_2026-04.csv,matched,2026-04-25
BR-000341,BANK-ACM-01,2026-05-31,2685.04,GBP,1.27,Acme UK Ltd,WIRE648994,bank_2026-05.csv,matched,2026-05-31
BR-000342,BANK-ACM-01,2026-05-31,5366967.77,ARS,0.0011,Acme Argentina SA,WIRE203904,bank_2026-05.csv,matched,2026-05-31
BR-000343,BANK-ACM-01,2025-12-02,10010000.01,ARS,0.0011,Acme Argentina SA,WIRE802977,bank_2025-12.csv,matched,2025-12-02
BR-000344,BANK-ACM-01,2025-10-25,2756576.82,ARS,0.0011,Acme Argentina SA,WIRE526753,bank_2025-10.csv,matched,2025-10-25
BR-000345,BANK-ACM-01,2026-01-02,3015833.33,ARS,0.0011,Acme Argentina SA,WIRE525565,bank_2026-01.csv,matched,2026-01-02
BR-000346,BANK-ACM-01,2026-02-21,3015833.33,ARS,0.0011,Acme Argentina SA,WIRE564254,bank_2026-02.csv,matched,2026-02-21
BR-000347,BANK-ACM-01,2026-04-01,3015833.33,ARS,0.0011,Acme Argentina SA,WIRE191156,bank_2026-04.csv,matched,2026-04-01
BR-000348,BANK-ACM-01,2026-05-13,3015833.33,ARS,0.0011,Acme Argentina SA,WIRE417249,bank_2026-05.csv,matched,2026-05-13
BR-000349,BANK-ACM-01,2026-05-27,3015833.33,ARS,0.0011,Acme Argentina SA,WIRE524474,bank_2026-05.csv,matched,2026-05-27
BR-000350,BANK-ACM-01,2026-05-31,3015833.33,ARS,0.0011,Acme Argentina SA,WIRE339197,bank_2026-05.csv,matched,2026-05-31
BR-000351,BANK-ACM-01,2025-07-18,221964.05,MXN,0.058,Acme Mexico SA,WIRE157050,bank_2025-07.csv,matched,2025-07-18
BR-000352,BANK-ACM-01,2025-12-16,794000.0,MXN,0.058,Acme Mexico SA,WIRE401296,bank_2025-12.csv,matched,2025-12-16
BR-000353,BANK-ACM-01,2026-04-26,157000.0,MXN,0.058,Acme Mexico SA,WIRE590081,bank_2026-04.csv,matched,2026-04-26
BR-000354,BANK-ACM-01,2025-06-05,159999.99,MXN,0.058,Acme Mexico SA,WIRE717738,bank_2025-06.csv,matched,2025-06-05
BR-000355,BANK-ACM-01,2026-01-27,38666.66,MXN,0.058,Acme Mexico SA,WIRE780235,bank_2026-01.csv,matched,2026-01-27
BR-000356,BANK-ACM-01,2026-03-13,38666.66,MXN,0.058,Acme Mexico SA,WIRE846739,bank_2026-03.csv,matched,2026-03-13
BR-000357,BANK-ACM-01,2026-04-06,38666.66,MXN,0.058,Acme Mexico SA,WIRE375868,bank_2026-04.csv,matched,2026-04-06
BR-000358,BANK-ACM-01,2026-05-09,38666.66,MXN,0.058,Acme Mexico SA,WIRE291779,bank_2026-05.csv,matched,2026-05-09
BR-000359,BANK-ACM-01,2025-06-14,213333.34,MXN,0.058,Acme Mexico SA,WIRE697944,bank_2025-06.csv,matched,2025-06-14
BR-000360,BANK-ACM-01,2025-07-16,213333.34,MXN,0.058,Acme Mexico SA,WIRE591778,bank_2025-07.csv,matched,2025-07-16
BR-000361,BANK-ACM-01,2025-08-15,213333.34,MXN,0.058,Acme Mexico SA,WIRE225193,bank_2025-08.csv,matched,2025-08-15
BR-000362,BANK-ACM-01,2025-08-31,213333.34,MXN,0.058,Acme Mexico SA,WIRE168696,bank_2025-08.csv,matched,2025-08-31
BR-000363,BANK-ACM-01,2025-11-06,193521.62,MXN,0.058,Acme Mexico SA,WIRE199612,bank_2025-11.csv,matched,2025-11-06
BR-000364,BANK-ACM-01,2025-12-26,213333.34,MXN,0.058,Acme Mexico SA,WIRE303766,bank_2025-12.csv,matched,2025-12-26
BR-000365,BANK-ACM-01,2026-02-01,213333.34,MXN,0.058,Acme Mexico SA,WIRE311578,bank_2026-02.csv,matched,2026-02-01
BR-000366,BANK-ACM-01,2026-02-11,213333.34,MXN,0.058,Acme Mexico SA,WIRE943751,bank_2026-02.csv,matched,2026-02-11
BR-000367,BANK-ACM-01,2026-03-06,213333.34,MXN,0.058,Acme Mexico SA,WIRE177657,bank_2026-03.csv,matched,2026-03-06
BR-000368,BANK-ACM-01,2026-05-31,213333.34,MXN,0.058,Acme Mexico SA,WIRE789412,bank_2026-05.csv,matched,2026-05-31
BR-000369,BANK-ACM-01,2026-05-31,213333.34,MXN,0.058,Acme Mexico SA,WIRE586570,bank_2026-05.csv,matched,2026-05-31
BR-000370,BANK-ACM-01,2026-05-31,224816.39,MXN,0.058,Acme Mexico SA,WIRE862344,bank_2026-05.csv,matched,2026-05-31
BR-000371,BANK-ACM-01,2025-08-13,33354.34,GBP,1.27,Acme UK Ltd,WIRE268473,bank_2025-08.csv,matched,2025-08-13
BR-000372,BANK-ACM-01,2025-12-06,33354.34,GBP,1.27,Acme UK Ltd,WIRE824833,bank_2025-12.csv,matched,2025-12-06
BR-000373,BANK-ACM-01,2026-05-31,33354.34,GBP,1.27,Acme UK Ltd,WIRE589337,bank_2026-05.csv,matched,2026-05-31
BR-000374,BANK-ACM-01,2025-06-23,4143.5,GBP,1.27,Acme UK Ltd,WIRE214835,bank_2025-06.csv,matched,2025-06-23
BR-000375,BANK-ACM-01,2025-07-15,4200.88,GBP,1.27,Acme UK Ltd,WIRE598195,bank_2025-07.csv,matched,2025-07-15
BR-000376,BANK-ACM-01,2025-09-12,4386.97,GBP,1.27,Acme UK Ltd,WIRE616106,bank_2025-09.csv,matched,2025-09-12
BR-000377,BANK-ACM-01,2025-10-11,5500.39,GBP,1.27,Acme UK Ltd,WIRE650510,bank_2025-10.csv,matched,2025-10-11
BR-000378,BANK-ACM-01,2025-12-09,5867.7,GBP,1.27,Acme UK Ltd,WIRE603007,bank_2025-12.csv,matched,2025-12-09
BR-000379,BANK-ACM-01,2025-12-20,3896.94,GBP,1.27,Acme UK Ltd,WIRE813722,bank_2025-12.csv,matched,2025-12-20
BR-000380,BANK-ACM-01,2026-01-05,4575.8,GBP,1.27,Acme UK Ltd,WIRE368838,bank_2026-01.csv,matched,2026-01-05
BR-000381,BANK-ACM-01,2026-02-21,3816.84,GBP,1.27,Acme UK Ltd,WIRE612783,bank_2026-02.csv,matched,2026-02-21
BR-000382,BANK-ACM-01,2026-04-23,3595.09,GBP,1.27,Acme UK Ltd,WIRE337872,bank_2026-04.csv,matched,2026-04-23
BR-000383,BANK-ACM-01,2025-05-05,2708000.0,MXN,0.058,Acme Mexico SA,WIRE582089,bank_2025-05.csv,matched,2025-05-05
BR-000384,BANK-ACM-01,2025-12-14,288500.0,MXN,0.058,Acme Mexico SA,WIRE629705,bank_2025-12.csv,matched,2025-12-14
BR-000385,BANK-ACM-01,2026-02-10,288500.0,MXN,0.058,Acme Mexico SA,WIRE421282,bank_2026-02.csv,matched,2026-02-10
BR-000386,BANK-ACM-01,2026-02-12,20500.0,USD,1.0,Acme US Inc,WIRE560449,bank_2026-02.csv,matched,2026-02-12
BR-000387,BANK-ACM-01,2025-08-18,35800.0,USD,1.0,Acme US Inc,WIRE257020,bank_2025-08.csv,matched,2025-08-18
BR-000388,BANK-ACM-01,2025-04-27,3400.0,USD,1.0,Acme US Inc,WIRE643259,bank_2025-04.csv,matched,2025-04-27
BR-000389,BANK-ACM-01,2026-02-08,5300.0,USD,1.0,Acme US Inc,WIRE988304,bank_2026-02.csv,matched,2026-02-08
BR-000390,BANK-ACM-01,2026-04-20,5300.0,USD,1.0,Acme US Inc,WIRE562573,bank_2026-04.csv,matched,2026-04-20
BR-000391,BANK-ACM-01,2025-09-19,120752500.01,ARS,0.0011,Acme Argentina SA,WIRE898970,bank_2025-09.csv,matched,2025-09-19
BR-000392,BANK-ACM-01,2025-10-07,120752500.01,ARS,0.0011,Acme Argentina SA,WIRE211511,bank_2025-10.csv,matched,2025-10-07
BR-000393,BANK-ACM-01,2025-10-10,120752500.01,ARS,0.0011,Acme Argentina SA,WIRE395075,bank_2025-10.csv,matched,2025-10-10
BR-000394,BANK-ACM-01,2025-12-10,120752500.01,ARS,0.0011,Acme Argentina SA,WIRE461068,bank_2025-12.csv,matched,2025-12-10
BR-000395,BANK-ACM-01,2026-01-15,120752500.01,ARS,0.0011,Acme Argentina SA,WIRE197487,bank_2026-01.csv,matched,2026-01-15
BR-000396,BANK-ACM-01,2026-01-25,120752500.01,ARS,0.0011,Acme Argentina SA,WIRE667545,bank_2026-01.csv,matched,2026-01-25
BR-000397,BANK-ACM-01,2026-03-09,120752500.01,ARS,0.0011,Acme Argentina SA,WIRE494016,bank_2026-03.csv,matched,2026-03-09
BR-000398,BANK-ACM-01,2026-03-16,120752500.01,ARS,0.0011,Acme Argentina SA,WIRE603098,bank_2026-03.csv,matched,2026-03-16
BR-000399,BANK-ACM-01,2026-04-20,120752500.01,ARS,0.0011,Acme Argentina SA,WIRE475193,bank_2026-04.csv,matched,2026-04-20
BR-000400,BANK-ACM-01,2026-05-26,120752500.01,ARS,0.0011,Acme Argentina SA,WIRE555376,bank_2026-05.csv,matched,2026-05-26
BR-000401,BANK-ACM-01,2026-03-06,965.96,USD,1.0,Acme US Inc,WIRE207606,bank_2026-03.csv,matched,2026-03-06
BR-000402,BANK-ACM-01,2026-04-07,763.73,USD,1.0,Acme US Inc,WIRE233828,bank_2026-04.csv,matched,2026-04-07
BR-000403,BANK-ACM-01,2026-04-01,1156.46,USD,1.0,Acme US Inc,WIRE321051,bank_2026-04.csv,matched,2026-04-01
BR-000404,BANK-ACM-01,2026-05-12,699.57,USD,1.0,Acme US Inc,WIRE375059,bank_2026-05.csv,matched,2026-05-12
BR-000405,BANK-ACM-01,2026-01-01,934.59,EUR,1.08,Acme EU GmbH,WIRE462536,bank_2026-01.csv,matched,2026-01-01
BR-000406,BANK-ACM-01,2026-02-04,1111.12,EUR,1.08,Acme EU GmbH,WIRE509906,bank_2026-02.csv,matched,2026-02-04
BR-000407,BANK-ACM-01,2026-02-23,1111.12,EUR,1.08,Acme EU GmbH,WIRE750061,bank_2026-02.csv,matched,2026-02-23
BR-000408,BANK-ACM-01,2026-04-08,1111.12,EUR,1.08,Acme EU GmbH,WIRE451017,bank_2026-04.csv,matched,2026-04-08
BR-000409,BANK-ACM-01,2026-05-11,1111.12,EUR,1.08,Acme EU GmbH,WIRE483307,bank_2026-05.csv,matched,2026-05-11
BR-000410,BANK-ACM-01,2025-11-02,64000.0,USD,1.0,Acme US Inc,WIRE806684,bank_2025-11.csv,matched,2025-11-02
BR-000411,BANK-ACM-01,2026-03-08,146394.88,BRL,0.2,Acme Brasil Ltda,WIRE550070,bank_2026-03.csv,matched,2026-03-08
BR-000412,BANK-ACM-01,2026-04-11,3496545.0,BRL,0.2,Acme Brasil Ltda,WIRE907400,bank_2026-04.csv,matched,2026-04-11
BR-000413,BANK-ACM-01,2025-06-04,12011805.0,BRL,0.2,Acme Brasil Ltda,WIRE694244,bank_2025-06.csv,matched,2025-06-04
BR-000414,BANK-ACM-01,2025-09-06,6900.0,USD,1.0,Acme US Inc,WIRE677782,bank_2025-09.csv,matched,2025-09-06
BR-000415,BANK-ACM-01,2025-10-22,15506.35,USD,1.0,Acme US Inc,WIRE333482,bank_2025-10.csv,matched,2025-10-22
BR-000416,BANK-ACM-01,2026-05-28,121505.63,BRL,0.2,Acme Brasil Ltda,WIRE514562,bank_2026-05.csv,matched,2026-05-28
BR-000417,BANK-ACM-01,2026-01-11,95540.0,USD,1.0,Acme US Inc,WIRE195133,bank_2026-01.csv,matched,2026-01-11
