payment_id,customer_id,payment_date,payment_amount,currency,payment_method,bank_receipt_id,remittance_reference,payer_name,payment_status,created_at
PMT-000001,CUST-0002,2026-05-31,1265.79,USD,ACH,BR-000001,INV-000001,Lumen Foods,received,2026-05-31
PMT-000002,CUST-0002,2025-09-09,6900.0,USD,Card,BR-000002,INV-000003,Lumen Foods,received,2025-09-09
PMT-000003,CUST-0002,2025-12-25,7935.0,USD,Wire,BR-000003,INV-000004,Lumen Foods,received,2025-12-25
PMT-000004,CUST-0002,2026-03-04,6900.0,USD,Wire,,INV-000005,Lumen Foods,received,2026-03-04
PMT-000005,CUST-0002,2025-09-20,2508.33,USD,Card,BR-000004,INV-000007,Lumen Foods,received,2025-09-20
PMT-000006,CUST-0002,2025-10-01,2853.17,EUR,Wire,BR-000005,INV-000008,Lumen Foods,received,2025-10-01
PMT-000007,CUST-0002,2026-01-24,1983.72,USD,Check,BR-000006,INV-000010,Lumen Foods,received,2026-01-24
PMT-000008,CUST-0002,2026-02-21,2508.33,USD,ACH,BR-000007,INV-000011,Lumen Foods,received,2026-02-21
PMT-000009,CUST-0002,2026-03-08,2508.33,USD,ACH,BR-000008,INV-000012,Lumen Foods,received,2026-03-08
PMT-000010,CUST-0002,2026-05-30,2508.33,USD,Card,BR-000009,INV-000014,Lumen Foods,received,2026-05-30
PMT-000011,CUST-0004,2026-01-05,16501.69,USD,Wire,BR-000010,INV-000019,Solstice Group,received,2026-01-05
PMT-000012,CUST-0004,2026-01-09,24465.82,USD,Card,BR-000011,INV-000020,Solstice Group,received,2026-01-09
PMT-000013,CUST-0004,2026-03-17,30196.04,USD,ACH,BR-000012,INV-000021,Solstice Group,received,2026-03-17
PMT-000014,CUST-0004,2026-04-20,20706.38,USD,Wire,BR-000013,INV-000022,Solstice Group,received,2026-04-20
PMT-000015,CUST-0004,2025-10-13,443263.57,USD,Wire,BR-000014,INV-000025,Solstice Group,received,2025-10-13
PMT-000016,CUST-0005,2025-10-07,25200.0,USD,Check,BR-000015,INV-000026,Ironclad Health,received,2025-10-07
PMT-000017,CUST-0006,2025-09-25,16400.0,USD,Check,BR-000016,INV-000028,Orchard Robotics,received,2025-09-25
PMT-000018,CUST-0007,2025-09-30,3925.03,USD,Wire,BR-000017,INV-000030,Sterling Ventures,received,2025-09-30
PMT-000019,CUST-0007,2025-11-12,3882.5,USD,Check,BR-000018,INV-000031,Sterling Ventures,received,2025-11-12
PMT-000020,CUST-0007,2026-02-09,3917.68,USD,Check,BR-000019,INV-000032,Sterling Ventures,received,2026-02-09
PMT-000021,CUST-0007,2026-03-18,3212.78,USD,ACH,BR-000020,INV-000034,Sterling Ventures,received,2026-03-18
PMT-000022,CUST-0007,2026-04-18,4959.77,USD,Wire,BR-000021,INV-000035,Sterling Ventures,received,2026-04-18
PMT-000023,CUST-0007,2026-04-27,2602.94,USD,ACH,BR-000022,INV-000036,Sterling Ventures,received,2026-04-27
PMT-000024,CUST-0007,2025-10-09,13771.53,USD,Wire,BR-000023,INV-000041,Sterling Ventures,received,2025-10-09
PMT-000025,CUST-0007,2025-12-07,14024.15,USD,Wire,BR-000024,INV-000042,Sterling Ventures,received,2025-12-07
PMT-000026,CUST-0007,2025-12-31,13117.39,USD,ACH,BR-000025,INV-000043,Sterling Ventures,received,2025-12-31
PMT-000027,CUST-0007,2026-03-23,13065.82,USD,Wire,,INV-000045,Sterling Ventures,received,2026-03-23
PMT-000028,CUST-0007,2026-04-08,14087.55,USD,Wire,BR-000026,INV-000046,Sterling Ventures,received,2026-04-08
PMT-000029,CUST-0009,2026-05-17,877014.9,EUR,ACH,BR-000027,INV-000051,Northwind Media,received,2026-05-17
PMT-000030,CUST-0010,2026-03-21,7675.0,USD,ACH,BR-000028,INV-000054,Summit Networks,received,2026-03-21
PMT-000031,CUST-0012,2025-11-06,5850.0,USD,Wire,BR-000029,INV-000056,Pioneer Retail,received,2025-11-06
PMT-000032,CUST-0012,2025-11-11,6295.26,USD,Wire,BR-000030,INV-000057,Pioneer Retail,received,2025-11-11
PMT-000033,CUST-0013,2025-09-22,470551.18,GBP,ACH,BR-000031,INV-000058,Solstice Energy,received,2025-09-22
PMT-000034,CUST-0013,2025-09-16,327646.84,GBP,Card,BR-000032,INV-000059,Solstice Energy,received,2025-09-16
PMT-000035,CUST-0014,2026-02-21,8415000.01,ARS,ACH,BR-000033,INV-000060,Ironclad Studios,received,2026-02-21
PMT-000036,CUST-0014,2026-04-08,6954545.46,ARS,Wire,BR-000034,INV-000061,Ironclad Studios,received,2026-04-08
PMT-000037,CUST-0016,2025-12-28,2960.45,USD,Wire,BR-000035,INV-000062,Sterling Capital,received,2025-12-28
PMT-000038,CUST-0016,2026-02-03,3097.77,USD,ACH,BR-000036,INV-000063,Sterling Capital,received,2026-02-03
PMT-000039,CUST-0016,2026-04-09,3092.12,USD,Wire,BR-000037,INV-000065,Sterling Capital,received,2026-04-09
PMT-000040,CUST-0016,2026-04-22,2021.5,EUR,Wire,BR-000038,INV-000066,Sterling Capital,received,2026-04-22
PMT-000041,CUST-0016,2026-05-24,3098.95,USD,ACH,BR-000039,INV-000068,Sterling Capital,received,2026-05-24
PMT-000042,CUST-0016,2025-12-27,1448.01,USD,Wire,BR-000040,INV-000070,Sterling Capital,received,2025-12-27
PMT-000043,CUST-0016,2026-02-26,1559.57,USD,Wire,BR-000041,INV-000072,Sterling Capital,received,2026-02-26
PMT-000044,CUST-0016,2026-02-26,1872.13,USD,Check,BR-000042,INV-000073,Sterling Capital,received,2026-02-26
PMT-000045,CUST-0016,2026-03-29,1515.36,USD,ACH,BR-000043,INV-000074,Sterling Capital,received,2026-03-29
PMT-000046,CUST-0016,2026-05-24,1911.72,USD,ACH,BR-000044,INV-000075,Sterling Capital,received,2026-05-24
PMT-000047,CUST-0016,2026-05-31,1229.92,USD,Check,BR-000045,INV-000076,Sterling Capital,received,2026-05-31
PMT-000048,CUST-0016,2025-09-06,581.21,USD,Card,BR-000046,INV-000078,Sterling Capital,received,2025-09-06
PMT-000049,CUST-0016,2025-10-01,599.62,USD,Card,BR-000047,INV-000079,Sterling Capital,received,2025-10-01
PMT-000050,CUST-0016,2025-11-14,473.2,USD,Wire,,INV-000080,Sterling Capital,received,2025-11-14
PMT-000051,CUST-0016,2026-01-20,601.79,USD,Check,BR-000048,INV-000082,Sterling Capital,received,2026-01-20
PMT-000052,CUST-0016,2026-03-09,659.77,USD,ACH,BR-000049,INV-000083,Sterling Capital,received,2026-03-09
PMT-000053,CUST-0016,2026-03-21,544.77,USD,Wire,BR-000050,INV-000084,Sterling Capital,received,2026-03-21
PMT-000054,CUST-0016,2026-05-31,696.18,USD,Wire,BR-000051,INV-000085,Sterling Capital,received,2026-05-31
PMT-000055,CUST-0017,2025-11-30,10100.0,USD,ACH,BR-000052,INV-000088,Tideline Analytics,received,2025-11-30
PMT-000056,CUST-0020,2026-01-17,58584795.12,ARS,ACH,BR-000053,INV-000090,Lumen Foods,received,2026-01-17
PMT-000057,CUST-0021,2025-12-18,222592.6,EUR,ACH,BR-000054,INV-000096,Pioneer Mobility,received,2025-12-18
PMT-000058,CUST-0021,2026-01-25,263887.96,EUR,ACH,BR-000055,INV-000097,Pioneer Mobility,received,2026-01-25
PMT-000059,CUST-0021,2026-02-23,222592.6,EUR,Card,BR-000056,INV-000098,Pioneer Mobility,received,2026-02-23
PMT-000060,CUST-0021,2026-03-12,185493.83,EUR,Wire,BR-000057,INV-000099,Pioneer Mobility,received,2026-03-12
PMT-000061,CUST-0021,2026-05-19,148735.1,EUR,ACH,BR-000058,INV-000100,Pioneer Mobility,received,2026-05-19
PMT-000062,CUST-0021,2026-05-31,189203.71,EUR,Check,BR-000059,INV-000103,Pioneer Mobility,received,2026-05-31
PMT-000063,CUST-0021,2026-05-31,413592.59,EUR,ACH,BR-000060,INV-000104,Pioneer Mobility,received,2026-05-31
PMT-000064,CUST-0022,2026-04-22,5150.0,USD,Wire,BR-000061,INV-000105,Solstice Group,received,2026-04-22
PMT-000065,CUST-0023,2025-11-04,2157.06,USD,Card,BR-000062,INV-000109,Ironclad Health,received,2025-11-04
PMT-000066,CUST-0023,2025-12-12,3399.93,USD,ACH,BR-000063,INV-000111,Ironclad Health,received,2025-12-12
PMT-000067,CUST-0023,2025-12-26,3096.57,USD,Wire,BR-000064,INV-000112,Ironclad Health,received,2025-12-26
PMT-000068,CUST-0023,2026-02-14,4125.8,USD,Wire,BR-000065,INV-000113,Ironclad Health,received,2026-02-14
PMT-000069,CUST-0023,2026-03-10,4213.93,USD,Wire,BR-000066,INV-000114,Ironclad Health,received,2026-03-10
PMT-000070,CUST-0023,2026-04-30,2839.29,USD,ACH,BR-000067,INV-000115,Ironclad Health,received,2026-04-30
PMT-000071,CUST-0023,2026-05-31,3482.98,USD,ACH,BR-000068,INV-000117,Ironclad Health,received,2026-05-31
PMT-000072,CUST-0024,2026-03-08,2175.42,USD,ACH,BR-000069,INV-000120,Orchard Robotics,received,2026-03-08
PMT-000073,CUST-0025,2025-05-13,155200.0,EUR,ACH,,INV-000124,Sterling Ventures,received,2025-05-13
PMT-000074,CUST-0026,2026-04-18,72333.34,EUR,ACH,BR-000070,INV-000126,Tideline Holdings,received,2026-04-18
PMT-000075,CUST-0027,2025-11-26,19046.97,USD,ACH,BR-000071,INV-000127,Northwind Media,received,2025-11-26
PMT-000076,CUST-0027,2026-02-02,24800.0,USD,ACH,BR-000072,INV-000128,Northwind Media,received,2026-02-02
PMT-000077,CUST-0027,2026-02-04,24800.0,USD,ACH,BR-000073,INV-000129,Northwind Media,received,2026-02-04
PMT-000078,CUST-0027,2025-06-17,51689.87,USD,Wire,BR-000074,INV-000130,Northwind Media,received,2025-06-17
PMT-000079,CUST-0027,2025-07-08,75300.0,USD,ACH,BR-000075,INV-000131,Northwind Media,received,2025-07-08
PMT-000080,CUST-0027,2026-04-28,24466.53,USD,Wire,BR-000076,INV-000132,Northwind Media,received,2026-04-28
PMT-000081,CUST-0028,2026-05-31,169000.0,USD,ACH,BR-000077,INV-000133,Summit Networks,received,2026-05-31
PMT-000082,CUST-0028,2025-10-27,190675.91,USD,Wire,BR-000078,INV-000136,Summit Networks,received,2025-10-27
PMT-000083,CUST-0029,2026-05-16,16123.48,USD,Check,BR-000079,INV-000137,Lumen Labs,received,2026-05-16
PMT-000084,CUST-0029,2026-05-31,13037.35,USD,Wire,BR-000080,INV-000140,Lumen Labs,received,2026-05-31
PMT-000085,CUST-0031,2026-05-23,174752.98,MXN,Wire,BR-000081,INV-000143,Solstice Energy,received,2026-05-23
PMT-000086,CUST-0032,2026-02-06,86146.85,BRL,Card,BR-000082,INV-000147,Ironclad Studios,received,2026-02-06
PMT-000087,CUST-0032,2026-01-28,105986.44,BRL,Wire,BR-000083,INV-000148,Ironclad Studios,received,2026-01-28
PMT-000088,CUST-0032,2026-03-25,124302.58,BRL,Wire,BR-000084,INV-000149,Ironclad Studios,received,2026-03-25
PMT-000089,CUST-0032,2026-05-19,77781.94,BRL,Wire,BR-000085,INV-000151,Ironclad Studios,received,2026-05-19
PMT-000090,CUST-0032,2026-04-11,397800.0,BRL,Check,BR-000086,INV-000155,Ironclad Studios,received,2026-04-11
PMT-000091,CUST-0032,2026-05-31,340000.0,BRL,ACH,BR-000087,INV-000156,Ironclad Studios,received,2026-05-31
PMT-000092,CUST-0033,2026-05-31,1990.2,USD,ACH,BR-000088,INV-000157,Orchard Technologies,received,2026-05-31
PMT-000093,CUST-0033,2026-05-31,3289.4,USD,Wire,BR-000089,INV-000159,Orchard Technologies,received,2026-05-31
PMT-000094,CUST-0033,2026-04-06,36538.32,USD,Card,BR-000090,INV-000160,Orchard Technologies,received,2026-04-06
PMT-000095,CUST-0034,2026-05-31,4222.22,EUR,ACH,BR-000091,INV-000161,Sterling Capital,received,2026-05-31
PMT-000096,CUST-0036,2025-04-28,294450.0,USD,ACH,,INV-000164,Northwind Systems,received,2025-04-28
PMT-000097,CUST-0036,2025-05-28,322207.05,USD,Wire,BR-000092,INV-000165,Northwind Systems,received,2025-05-28
PMT-000098,CUST-0036,2026-05-14,232066.67,USD,Wire,BR-000093,INV-000166,Northwind Systems,received,2026-05-14
PMT-000099,CUST-0036,2026-05-30,232066.67,USD,ACH,BR-000094,INV-000167,Northwind Systems,received,2026-05-30
PMT-000100,CUST-0037,2026-04-17,2484.33,USD,Card,BR-000095,INV-000168,Summit Logistics,received,2026-04-17
PMT-000101,CUST-0037,2026-05-19,3500.0,USD,ACH,BR-000096,INV-000169,Summit Logistics,received,2026-05-19
PMT-000102,CUST-0037,2026-05-06,2466.67,USD,Wire,BR-000097,INV-000170,Summit Logistics,received,2026-05-06
PMT-000103,CUST-0037,2026-05-31,2836.67,USD,Wire,BR-000098,INV-000171,Summit Logistics,received,2026-05-31
PMT-000104,CUST-0037,2025-06-03,4900.0,USD,ACH,BR-000099,INV-000174,Summit Logistics,received,2025-06-03
PMT-000105,CUST-0038,2025-09-06,1222.22,EUR,Wire,BR-000100,INV-000175,Lumen Foods,received,2025-09-06
PMT-000106,CUST-0038,2025-10-01,1222.22,EUR,Wire,BR-000101,INV-000176,Lumen Foods,received,2025-10-01
PMT-000107,CUST-0038,2025-08-18,2888.89,EUR,ACH,BR-000102,INV-000177,Lumen Foods,received,2025-08-18
PMT-000108,CUST-0038,2025-10-02,2888.89,EUR,Wire,BR-000103,INV-000178,Lumen Foods,received,2025-10-02
PMT-000109,CUST-0038,2026-05-31,1988.05,EUR,Wire,BR-000104,INV-000181,Lumen Foods,received,2026-05-31
PMT-000110,CUST-0039,2026-05-31,215575.74,USD,ACH,BR-000105,INV-000182,Pioneer Mobility,received,2026-05-31
PMT-000111,CUST-0042,2026-01-24,5452.53,GBP,ACH,BR-000106,INV-000183,Orchard Robotics,received,2026-01-24
PMT-000112,CUST-0042,2026-01-09,7937.0,GBP,ACH,BR-000107,INV-000184,Orchard Robotics,received,2026-01-09
PMT-000113,CUST-0042,2026-03-02,7937.0,GBP,Card,BR-000108,INV-000185,Orchard Robotics,received,2026-03-02
PMT-000114,CUST-0043,2026-02-19,3496111.12,EUR,ACH,BR-000109,INV-000187,Sterling Ventures,received,2026-02-19
PMT-000115,CUST-0044,2026-02-25,95540.0,USD,ACH,BR-000110,INV-000188,Tideline Holdings,received,2026-02-25
PMT-000116,CUST-0047,2026-04-04,2850.4,GBP,Wire,BR-000111,INV-000191,Lumen Labs,received,2026-04-04
PMT-000117,CUST-0047,2026-05-31,1299.22,GBP,ACH,BR-000112,INV-000195,Lumen Labs,received,2026-05-31
PMT-000118,CUST-0047,2025-10-07,16724.41,GBP,Card,BR-000113,INV-000196,Lumen Labs,received,2025-10-07
PMT-000119,CUST-0048,2026-05-09,50333.33,EUR,Wire,,INV-000197,Pioneer Retail,received,2026-05-09
PMT-000120,CUST-0049,2025-12-23,23896.65,USD,ACH,BR-000114,INV-000198,Solstice Energy,received,2025-12-23
PMT-000121,CUST-0049,2026-04-03,28143.34,USD,Card,BR-000115,INV-000199,Solstice Energy,received,2026-04-03
PMT-000122,CUST-0050,2025-08-16,456789.59,BRL,Check,BR-000116,INV-000202,Ironclad Studios,received,2025-08-16
PMT-000123,CUST-0050,2025-12-07,517871.25,BRL,ACH,BR-000117,INV-000203,Ironclad Studios,received,2025-12-07
PMT-000124,CUST-0050,2026-03-16,517871.25,BRL,Check,BR-000118,INV-000204,Ironclad Studios,received,2026-03-16
PMT-000125,CUST-0050,2025-10-14,743535.0,BRL,ACH,BR-000119,INV-000206,Ironclad Studios,received,2025-10-14
PMT-000126,CUST-0052,2025-06-17,1241.67,USD,Wire,BR-000120,INV-000212,Sterling Capital,received,2025-06-17
PMT-000127,CUST-0052,2025-06-26,1241.67,USD,Wire,BR-000121,INV-000213,Sterling Capital,received,2025-06-26
PMT-000128,CUST-0052,2025-09-14,1241.67,USD,Wire,BR-000122,INV-000214,Sterling Capital,received,2025-09-14
PMT-000129,CUST-0052,2025-09-27,1241.67,USD,ACH,BR-000123,INV-000215,Sterling Capital,received,2025-09-27
PMT-000130,CUST-0052,2025-10-07,1241.67,USD,ACH,BR-000124,INV-000216,Sterling Capital,received,2025-10-07
PMT-000131,CUST-0052,2025-11-26,918.8,USD,ACH,BR-000125,INV-000217,Sterling Capital,received,2025-11-26
PMT-000132,CUST-0052,2025-12-23,1241.67,USD,Check,BR-000126,INV-000218,Sterling Capital,received,2025-12-23
PMT-000133,CUST-0052,2026-01-05,978.53,USD,ACH,BR-000127,INV-000219,Sterling Capital,received,2026-01-05
PMT-000134,CUST-0052,2026-02-17,1241.67,USD,ACH,BR-000128,INV-000220,Sterling Capital,received,2026-02-17
PMT-000135,CUST-0052,2026-04-01,1241.67,USD,ACH,BR-000129,INV-000221,Sterling Capital,received,2026-04-01
PMT-000136,CUST-0054,2025-08-01,318000.0,USD,ACH,BR-000130,INV-000227,Northwind Systems,received,2025-08-01
PMT-000137,CUST-0054,2025-07-18,191100.0,USD,ACH,BR-000131,INV-000228,Northwind Systems,received,2025-07-18
PMT-000138,CUST-0055,2026-03-28,52036.86,EUR,ACH,BR-000132,INV-000229,Summit Logistics,received,2026-03-28
PMT-000139,CUST-0055,2026-04-28,11290.3,EUR,Wire,BR-000133,INV-000234,Summit Logistics,received,2026-04-28
PMT-000140,CUST-0055,2026-05-31,6072.32,EUR,ACH,BR-000134,INV-000235,Summit Logistics,received,2026-05-31
PMT-000141,CUST-0056,2025-07-21,8666.66,EUR,Card,BR-000135,INV-000237,Lumen Foods,received,2025-07-21
PMT-000142,CUST-0058,2025-07-06,20320.31,USD,Wire,,INV-000241,Solstice Group,received,2025-07-06
PMT-000143,CUST-0058,2025-12-18,25134.36,USD,Wire,BR-000136,INV-000243,Solstice Group,received,2025-12-18
PMT-000144,CUST-0058,2026-03-11,15986.5,USD,Card,BR-000137,INV-000244,Solstice Group,received,2026-03-11
PMT-000145,CUST-0058,2025-10-13,8425.0,USD,Check,BR-000138,INV-000246,Solstice Group,received,2025-10-13
PMT-000146,CUST-0058,2025-11-03,8425.0,USD,Wire,BR-000139,INV-000247,Solstice Group,received,2025-11-03
PMT-000147,CUST-0058,2026-01-05,8425.0,USD,Wire,BR-000140,INV-000248,Solstice Group,received,2026-01-05
PMT-000148,CUST-0058,2026-01-29,8425.0,USD,ACH,BR-000141,INV-000250,Solstice Group,received,2026-01-29
PMT-000149,CUST-0058,2026-03-28,8425.0,USD,ACH,BR-000142,INV-000251,Solstice Group,received,2026-03-28
PMT-000150,CUST-0058,2026-04-02,8425.0,USD,Wire,BR-000143,INV-000252,Solstice Group,received,2026-04-02
PMT-000151,CUST-0058,2026-05-31,7118.95,USD,Wire,BR-000144,INV-000253,Solstice Group,received,2026-05-31
PMT-000152,CUST-0058,2026-05-31,8425.0,USD,Card,BR-000145,INV-000255,Solstice Group,received,2026-05-31
PMT-000153,CUST-0059,2025-11-05,303023.63,GBP,Wire,BR-000146,INV-000257,Ironclad Health,received,2025-11-05
PMT-000154,CUST-0059,2026-05-31,108094.49,GBP,Wire,BR-000147,INV-000258,Ironclad Health,received,2026-05-31
PMT-000155,CUST-0060,2025-04-25,4400.0,USD,Wire,BR-000148,INV-000259,Orchard Robotics,received,2025-04-25
PMT-000156,CUST-0061,2025-05-30,7800.0,USD,Wire,BR-000149,INV-000260,Sterling Ventures,received,2025-05-30
PMT-000157,CUST-0061,2025-12-28,9712.43,USD,Wire,BR-000150,INV-000262,Sterling Ventures,received,2025-12-28
PMT-000158,CUST-0064,2025-09-04,103842.52,GBP,ACH,BR-000151,INV-000266,Summit Networks,received,2025-09-04
PMT-000159,CUST-0065,2025-04-17,193177.1,USD,Wire,BR-000152,INV-000267,Lumen Labs,received,2025-04-17
PMT-000160,CUST-0066,2025-09-04,17452.11,USD,Wire,BR-000153,INV-000271,Pioneer Retail,received,2025-09-04
PMT-000161,CUST-0066,2025-08-30,6866.67,USD,Wire,BR-000154,INV-000275,Pioneer Retail,received,2025-08-30
PMT-000162,CUST-0066,2025-10-07,6866.67,USD,Wire,BR-000155,INV-000276,Pioneer Retail,received,2025-10-07
PMT-000163,CUST-0067,2025-10-30,2883.33,USD,Card,BR-000156,INV-000277,Solstice Energy,received,2025-10-30
PMT-000164,CUST-0067,2025-10-25,2883.33,USD,Check,BR-000157,INV-000278,Solstice Energy,received,2025-10-25
PMT-000165,CUST-0067,2026-01-09,2883.33,USD,ACH,,INV-000279,Solstice Energy,received,2026-01-09
PMT-000166,CUST-0067,2026-01-16,2531.66,USD,Card,BR-000158,INV-000280,Solstice Energy,received,2026-01-16
PMT-000167,CUST-0067,2026-03-03,2883.33,USD,Wire,BR-000159,INV-000281,Solstice Energy,received,2026-03-03
PMT-000168,CUST-0067,2026-04-04,2883.33,USD,Wire,BR-000160,INV-000282,Solstice Energy,received,2026-04-04
PMT-000169,CUST-0067,2026-04-30,2883.33,USD,Card,BR-000161,INV-000283,Solstice Energy,received,2026-04-30
PMT-000170,CUST-0067,2026-04-30,2883.33,USD,Card,BR-000162,INV-000284,Solstice Energy,received,2026-04-30
PMT-000171,CUST-0067,2026-05-31,2883.33,USD,Wire,BR-000163,INV-000285,Solstice Energy,received,2026-05-31
PMT-000172,CUST-0069,2026-03-29,61900.0,USD,Wire,BR-000164,INV-000288,Orchard Technologies,received,2026-03-29
PMT-000173,CUST-0069,2025-11-11,13488.52,USD,ACH,BR-000165,INV-000289,Orchard Technologies,received,2025-11-11
PMT-000174,CUST-0070,2026-03-08,1810699.33,MXN,ACH,BR-000166,INV-000291,Sterling Capital,received,2026-03-08
PMT-000175,CUST-0070,2026-03-21,1215929.71,MXN,Wire,BR-000167,INV-000292,Sterling Capital,received,2026-03-21
PMT-000176,CUST-0070,2026-04-14,1308521.79,MXN,ACH,BR-000168,INV-000293,Sterling Capital,received,2026-04-14
PMT-000177,CUST-0070,2026-05-26,1133641.63,MXN,Wire,BR-000169,INV-000294,Sterling Capital,received,2026-05-26
PMT-000178,CUST-0070,2025-12-21,1153689.84,MXN,ACH,BR-000170,INV-000298,Sterling Capital,received,2025-12-21
PMT-000179,CUST-0070,2026-01-30,1552262.07,MXN,Card,BR-000171,INV-000300,Sterling Capital,received,2026-01-30
PMT-000180,CUST-0070,2026-03-16,1077233.86,MXN,Wire,BR-000172,INV-000301,Sterling Capital,received,2026-03-16
PMT-000181,CUST-0070,2026-04-11,1782154.84,MXN,ACH,BR-000173,INV-000302,Sterling Capital,received,2026-04-11
PMT-000182,CUST-0070,2026-05-31,1700087.38,MXN,Wire,BR-000174,INV-000304,Sterling Capital,received,2026-05-31
PMT-000183,CUST-0071,2025-09-13,1972.28,USD,Card,BR-000175,INV-000306,Tideline Analytics,received,2025-09-13
PMT-000184,CUST-0071,2025-10-12,1272.68,USD,Check,BR-000176,INV-000307,Tideline Analytics,received,2025-10-12
PMT-000185,CUST-0071,2025-12-08,1986.13,USD,Wire,BR-000177,INV-000308,Tideline Analytics,received,2025-12-08
PMT-000186,CUST-0071,2026-01-11,1651.07,USD,Check,BR-000178,INV-000309,Tideline Analytics,received,2026-01-11
PMT-000187,CUST-0071,2026-02-03,1948.37,USD,ACH,BR-000179,INV-000310,Tideline Analytics,received,2026-02-03
PMT-000188,CUST-0071,2026-03-06,1586.92,USD,ACH,BR-000180,INV-000311,Tideline Analytics,received,2026-03-06
PMT-000189,CUST-0071,2026-04-01,2253.07,USD,Wire,BR-000181,INV-000312,Tideline Analytics,received,2026-04-01
PMT-000190,CUST-0071,2026-05-02,2022.86,USD,Wire,BR-000182,INV-000313,Tideline Analytics,received,2026-05-02
PMT-000191,CUST-0071,2025-05-22,2016.67,USD,ACH,BR-000183,INV-000316,Tideline Analytics,received,2025-05-22
PMT-000192,CUST-0071,2025-06-27,2016.67,USD,ACH,BR-000184,INV-000317,Tideline Analytics,received,2025-06-27
PMT-000193,CUST-0071,2025-08-15,2016.67,USD,ACH,BR-000185,INV-000318,Tideline Analytics,received,2025-08-15
PMT-000194,CUST-0071,2025-09-19,2016.67,USD,Wire,BR-000186,INV-000319,Tideline Analytics,received,2025-09-19
PMT-000195,CUST-0071,2025-12-19,2016.67,USD,Card,BR-000187,INV-000322,Tideline Analytics,received,2025-12-19
PMT-000196,CUST-0071,2026-01-09,2016.67,USD,ACH,BR-000188,INV-000323,Tideline Analytics,received,2026-01-09
PMT-000197,CUST-0071,2026-01-30,2016.67,USD,Card,BR-000189,INV-000324,Tideline Analytics,received,2026-01-30
PMT-000198,CUST-0071,2026-02-26,2016.67,USD,Check,BR-000190,INV-000325,Tideline Analytics,received,2026-02-26
PMT-000199,CUST-0071,2026-03-22,2016.67,USD,ACH,BR-000191,INV-000326,Tideline Analytics,received,2026-03-22
PMT-000200,CUST-0071,2026-05-31,2016.67,USD,ACH,BR-000192,INV-000328,Tideline Analytics,received,2026-05-31
PMT-000201,CUST-0071,2025-09-12,15400.0,USD,ACH,BR-000193,INV-000330,Tideline Analytics,received,2025-09-12
PMT-000202,CUST-0073,2026-04-25,11110000.0,ARS,ACH,BR-000194,INV-000332,Summit Logistics,received,2026-04-25
PMT-000203,CUST-0073,2025-06-16,8910000.0,ARS,Wire,BR-000195,INV-000333,Summit Logistics,received,2025-06-16
PMT-000204,CUST-0073,2026-02-18,5445000.0,ARS,Wire,BR-000196,INV-000334,Summit Logistics,received,2026-02-18
PMT-000205,CUST-0073,2026-03-11,5445000.0,ARS,Card,BR-000197,INV-000335,Summit Logistics,received,2026-03-11
PMT-000206,CUST-0073,2026-03-12,11439999.99,ARS,Wire,BR-000198,INV-000336,Summit Logistics,received,2026-03-12
PMT-000207,CUST-0075,2026-02-28,741000.0,MXN,Wire,BR-000199,INV-000337,Pioneer Mobility,received,2026-02-28
PMT-000208,CUST-0075,2025-11-17,71666.67,MXN,Check,BR-000200,INV-000339,Pioneer Mobility,received,2025-11-17
PMT-000209,CUST-0075,2025-12-29,71666.67,MXN,ACH,BR-000201,INV-000341,Pioneer Mobility,received,2025-12-29
PMT-000210,CUST-0075,2026-03-08,71666.67,MXN,ACH,BR-000202,INV-000342,Pioneer Mobility,received,2026-03-08
PMT-000211,CUST-0076,2026-03-26,13608.33,USD,Check,BR-000203,INV-000348,Solstice Group,received,2026-03-26
PMT-000212,CUST-0076,2026-04-28,13608.33,USD,Wire,BR-000204,INV-000350,Solstice Group,received,2026-04-28
PMT-000213,CUST-0078,2026-05-31,3446666.67,ARS,Wire,BR-000205,INV-000353,Orchard Robotics,received,2026-05-31
PMT-000214,CUST-0079,2025-10-24,30937.01,GBP,Card,BR-000206,INV-000355,Sterling Ventures,received,2025-10-24
PMT-000215,CUST-0079,2025-10-26,30937.01,GBP,ACH,BR-000207,INV-000356,Sterling Ventures,received,2025-10-26
PMT-000216,CUST-0079,2025-12-23,30937.01,GBP,ACH,BR-000208,INV-000357,Sterling Ventures,received,2025-12-23
PMT-000217,CUST-0079,2026-01-10,30937.01,GBP,Card,BR-000209,INV-000359,Sterling Ventures,received,2026-01-10
PMT-000218,CUST-0079,2026-03-08,30937.01,GBP,Wire,BR-000210,INV-000360,Sterling Ventures,received,2026-03-08
PMT-000219,CUST-0079,2026-03-18,30937.01,GBP,ACH,BR-000211,INV-000361,Sterling Ventures,received,2026-03-18
PMT-000220,CUST-0079,2026-04-16,30937.01,GBP,Wire,BR-000212,INV-000362,Sterling Ventures,received,2026-04-16
PMT-000221,CUST-0079,2026-05-31,30937.01,GBP,Wire,BR-000213,INV-000363,Sterling Ventures,received,2026-05-31
PMT-000222,CUST-0079,2026-05-31,30937.01,GBP,ACH,BR-000214,INV-000365,Sterling Ventures,received,2026-05-31
PMT-000223,CUST-0079,2025-10-03,162141.73,GBP,ACH,BR-000215,INV-000366,Sterling Ventures,received,2025-10-03
PMT-000224,CUST-0080,2025-12-01,6600.0,USD,Card,BR-000216,INV-000367,Tideline Holdings,received,2025-12-01
PMT-000225,CUST-0081,2026-04-28,20666.66,EUR,ACH,BR-000217,INV-000368,Northwind Media,received,2026-04-28
PMT-000226,CUST-0081,2026-03-26,19111.12,EUR,Wire,BR-000218,INV-000369,Northwind Media,received,2026-03-26
PMT-000227,CUST-0081,2025-12-14,4689.87,EUR,Wire,BR-000219,INV-000370,Northwind Media,received,2025-12-14
PMT-000228,CUST-0081,2025-12-30,6222.23,EUR,Wire,BR-000220,INV-000372,Northwind Media,received,2025-12-30
PMT-000229,CUST-0082,2026-05-03,225237.63,USD,Wire,BR-000221,INV-000373,Summit Networks,received,2026-05-03
PMT-000230,CUST-0082,2026-05-31,294864.6,USD,Card,BR-000222,INV-000374,Summit Networks,received,2026-05-31
PMT-000231,CUST-0082,2026-03-02,241383.33,USD,ACH,BR-000223,INV-000376,Summit Networks,received,2026-03-02
PMT-000232,CUST-0082,2026-04-15,241383.33,USD,Wire,BR-000224,INV-000377,Summit Networks,received,2026-04-15
PMT-000233,CUST-0082,2026-04-29,241383.33,USD,ACH,BR-000225,INV-000378,Summit Networks,received,2026-04-29
PMT-000234,CUST-0082,2025-12-07,269475.0,USD,Check,BR-000226,INV-000382,Summit Networks,received,2025-12-07
PMT-000235,CUST-0082,2025-12-25,269475.0,USD,ACH,BR-000227,INV-000383,Summit Networks,received,2025-12-25
PMT-000236,CUST-0082,2025-12-31,269475.0,USD,Card,BR-000228,INV-000384,Summit Networks,received,2025-12-31
PMT-000237,CUST-0082,2026-02-20,269475.0,USD,ACH,BR-000229,INV-000385,Summit Networks,received,2026-02-20
PMT-000238,CUST-0082,2026-05-02,229915.13,USD,Wire,BR-000230,INV-000388,Summit Networks,received,2026-05-02
PMT-000239,CUST-0082,2026-05-28,269475.0,USD,Wire,BR-000231,INV-000389,Summit Networks,received,2026-05-28
PMT-000240,CUST-0082,2026-05-31,269475.0,USD,Check,BR-000232,INV-000390,Summit Networks,received,2026-05-31
PMT-000241,CUST-0082,2025-09-03,275508.33,USD,Wire,BR-000233,INV-000395,Summit Networks,received,2025-09-03
PMT-000242,CUST-0082,2025-12-05,205599.43,USD,ACH,BR-000234,INV-000397,Summit Networks,received,2025-12-05
PMT-000243,CUST-0082,2025-12-21,275508.33,USD,Wire,BR-000235,INV-000398,Summit Networks,received,2025-12-21
PMT-000244,CUST-0082,2026-01-16,275508.33,USD,Wire,BR-000236,INV-000399,Summit Networks,received,2026-01-16
PMT-000245,CUST-0082,2026-02-02,275508.33,USD,Check,BR-000237,INV-000400,Summit Networks,received,2026-02-02
PMT-000246,CUST-0082,2026-03-27,275508.33,USD,ACH,BR-000238,INV-000401,Summit Networks,received,2026-03-27
PMT-000247,CUST-0082,2026-05-05,275508.33,USD,Wire,BR-000239,INV-000402,Summit Networks,received,2026-05-05
PMT-000248,CUST-0082,2026-05-02,275508.33,USD,Wire,BR-000240,INV-000403,Summit Networks,received,2026-05-02
PMT-000249,CUST-0082,2026-05-31,275508.33,USD,ACH,BR-000241,INV-000405,Summit Networks,received,2026-05-31
PMT-000250,CUST-0083,2026-05-31,2036.98,GBP,ACH,BR-000242,INV-000409,Lumen Labs,received,2026-05-31
PMT-000251,CUST-0083,2025-12-31,11527.56,GBP,ACH,BR-000243,INV-000411,Lumen Labs,received,2025-12-31
PMT-000252,CUST-0084,2025-09-01,9900000.0,ARS,Wire,BR-000244,INV-000412,Pioneer Retail,received,2025-09-01
PMT-000253,CUST-0084,2025-03-26,2035000.0,ARS,ACH,BR-000245,INV-000414,Pioneer Retail,received,2025-03-26
PMT-000254,CUST-0084,2025-07-03,1592991.47,ARS,Card,BR-000246,INV-000415,Pioneer Retail,received,2025-07-03
PMT-000255,CUST-0084,2026-01-17,2035000.0,ARS,Wire,BR-000247,INV-000417,Pioneer Retail,received,2026-01-17
PMT-000256,CUST-0084,2026-03-31,2035000.0,ARS,Card,BR-000248,INV-000418,Pioneer Retail,received,2026-03-31
PMT-000257,CUST-0088,2026-01-05,515385.0,BRL,Check,BR-000249,INV-000426,Sterling Capital,received,2026-01-05
PMT-000258,CUST-0088,2025-11-06,534690.0,BRL,Wire,BR-000250,INV-000427,Sterling Capital,received,2025-11-06
PMT-000259,CUST-0088,2026-02-05,54102.95,BRL,ACH,BR-000251,INV-000428,Sterling Capital,received,2026-02-05
PMT-000260,CUST-0088,2026-03-02,65805.08,BRL,Wire,BR-000252,INV-000429,Sterling Capital,received,2026-03-02
PMT-000261,CUST-0088,2026-03-12,69949.87,BRL,Wire,BR-000253,INV-000430,Sterling Capital,received,2026-03-12
PMT-000262,CUST-0088,2026-04-11,55014.94,BRL,ACH,BR-000254,INV-000431,Sterling Capital,received,2026-04-11
PMT-000263,CUST-0089,2025-06-03,198648.68,GBP,Check,BR-000255,INV-000435,Tideline Analytics,received,2025-06-03
PMT-000264,CUST-0089,2026-05-31,143047.31,GBP,ACH,BR-000256,INV-000436,Tideline Analytics,received,2026-05-31
PMT-000265,CUST-0089,2025-09-07,35916.68,GBP,Card,BR-000257,INV-000438,Tideline Analytics,received,2025-09-07
PMT-000266,CUST-0089,2025-11-14,49742.77,GBP,Card,BR-000258,INV-000439,Tideline Analytics,received,2025-11-14
PMT-000267,CUST-0090,2025-03-30,52699429.57,MXN,Card,BR-000259,INV-000442,Northwind Systems,received,2025-03-30
PMT-000268,CUST-0090,2026-05-03,51876369.44,MXN,Wire,BR-000260,INV-000443,Northwind Systems,received,2026-05-03
PMT-000269,CUST-0090,2026-05-31,4274166.67,MXN,ACH,BR-000261,INV-000444,Northwind Systems,received,2026-05-31
PMT-000270,CUST-0091,2026-03-28,244970000.01,ARS,ACH,BR-000262,INV-000446,Summit Logistics,received,2026-03-28
PMT-000271,CUST-0093,2025-10-25,152675.93,EUR,Card,BR-000263,INV-000449,Pioneer Mobility,received,2025-10-25
PMT-000272,CUST-0093,2025-11-13,152675.93,EUR,ACH,BR-000264,INV-000450,Pioneer Mobility,received,2025-11-13
PMT-000273,CUST-0093,2025-12-28,137892.3,EUR,Check,BR-000265,INV-000451,Pioneer Mobility,received,2025-12-28
PMT-000274,CUST-0093,2025-12-27,152675.93,EUR,Wire,BR-000266,INV-000452,Pioneer Mobility,received,2025-12-27
PMT-000275,CUST-0093,2026-02-02,152675.93,EUR,Check,BR-000267,INV-000453,Pioneer Mobility,received,2026-02-02
PMT-000276,CUST-0093,2026-03-06,152675.93,EUR,Wire,BR-000268,INV-000454,Pioneer Mobility,received,2026-03-06
PMT-000277,CUST-0093,2026-04-19,152675.93,EUR,Card,BR-000269,INV-000455,Pioneer Mobility,received,2026-04-19
PMT-000278,CUST-0094,2025-06-13,2924.1,USD,ACH,BR-000270,INV-000459,Solstice Group,received,2025-06-13
PMT-000279,CUST-0094,2025-07-16,1915.45,USD,Check,BR-000271,INV-000460,Solstice Group,received,2025-07-16
PMT-000280,CUST-0094,2025-09-16,1827.0,USD,ACH,BR-000272,INV-000461,Solstice Group,received,2025-09-16
PMT-000281,CUST-0094,2025-09-10,1652.52,USD,Wire,BR-000273,INV-000462,Solstice Group,received,2025-09-10
PMT-000282,CUST-0094,2025-11-20,1933.48,USD,Wire,BR-000274,INV-000463,Solstice Group,received,2025-11-20
PMT-000283,CUST-0094,2025-12-08,2745.0,USD,Wire,BR-000275,INV-000464,Solstice Group,received,2025-12-08
PMT-000284,CUST-0094,2025-12-17,2123.49,USD,ACH,BR-000276,INV-000465,Solstice Group,received,2025-12-17
PMT-000285,CUST-0094,2026-01-27,2040.03,USD,ACH,BR-000277,INV-000466,Solstice Group,received,2026-01-27
PMT-000286,CUST-0094,2026-03-14,2946.71,USD,ACH,BR-000278,INV-000467,Solstice Group,received,2026-03-14
PMT-000287,CUST-0094,2026-03-16,1711.61,USD,Wire,BR-000279,INV-000468,Solstice Group,received,2026-03-16
PMT-000288,CUST-0094,2026-05-24,2085.1,USD,Wire,BR-000280,INV-000469,Solstice Group,received,2026-05-24
PMT-000289,CUST-0094,2025-06-19,6900.0,USD,ACH,BR-000281,INV-000473,Solstice Group,received,2025-06-19
PMT-000290,CUST-0094,2025-05-19,9900.0,USD,ACH,BR-000282,INV-000474,Solstice Group,received,2025-05-19
PMT-000291,CUST-0095,2025-12-01,176000.0,USD,ACH,BR-000283,INV-000476,Ironclad Health,received,2025-12-01
PMT-000292,CUST-0096,2025-04-22,7800.0,USD,Check,BR-000284,INV-000477,Orchard Robotics,received,2025-04-22
PMT-000293,CUST-0096,2025-07-13,5475.37,USD,ACH,BR-000285,INV-000478,Orchard Robotics,received,2025-07-13
PMT-000294,CUST-0096,2025-11-17,7800.0,USD,Wire,BR-000286,INV-000479,Orchard Robotics,received,2025-11-17
PMT-000295,CUST-0097,2026-01-19,18400.0,USD,ACH,BR-000287,INV-000483,Sterling Ventures,received,2026-01-19
PMT-000296,CUST-0098,2026-05-31,2669.66,USD,Wire,BR-000288,INV-000485,Tideline Holdings,received,2026-05-31
PMT-000297,CUST-0098,2026-05-31,3930.77,USD,Card,BR-000289,INV-000486,Tideline Holdings,received,2026-05-31
PMT-000298,CUST-0098,2026-03-05,4600.0,USD,Wire,BR-000290,INV-000488,Tideline Holdings,received,2026-03-05
PMT-000299,CUST-0100,2026-01-15,177848.77,USD,Card,BR-000291,INV-000490,Summit Networks,received,2026-01-15
PMT-000300,CUST-0100,2026-03-30,285812.52,USD,ACH,BR-000292,INV-000491,Summit Networks,received,2026-03-30
PMT-000301,CUST-0100,2026-05-31,211512.92,USD,Check,BR-000293,INV-000492,Summit Networks,received,2026-05-31
PMT-000302,CUST-0100,2026-01-30,98567.89,USD,Card,BR-000294,INV-000493,Summit Networks,received,2026-01-30
PMT-000303,CUST-0101,2026-02-07,10612.55,USD,Wire,BR-000295,INV-000497,Lumen Labs,received,2026-02-07
PMT-000304,CUST-0101,2026-03-08,7074.17,USD,Wire,BR-000296,INV-000498,Lumen Labs,received,2026-03-08
PMT-000305,CUST-0101,2026-03-16,7801.95,USD,Wire,BR-000297,INV-000499,Lumen Labs,received,2026-03-16
PMT-000306,CUST-0101,2026-04-29,8292.83,USD,ACH,BR-000298,INV-000500,Lumen Labs,received,2026-04-29
PMT-000307,CUST-0102,2025-09-03,15299.21,GBP,Wire,BR-000299,INV-000504,Pioneer Retail,received,2025-09-03
PMT-000308,CUST-0102,2025-10-17,13736.91,GBP,Check,BR-000300,INV-000505,Pioneer Retail,received,2025-10-17
PMT-000309,CUST-0102,2025-12-27,15299.21,GBP,Wire,BR-000301,INV-000507,Pioneer Retail,received,2025-12-27
PMT-000310,CUST-0102,2026-01-14,15299.21,GBP,ACH,BR-000302,INV-000508,Pioneer Retail,received,2026-01-14
PMT-000311,CUST-0102,2026-03-27,15299.21,GBP,Wire,BR-000303,INV-000511,Pioneer Retail,received,2026-03-27
PMT-000312,CUST-0102,2026-05-31,15299.21,GBP,Wire,BR-000304,INV-000512,Pioneer Retail,received,2026-05-31
PMT-000313,CUST-0102,2026-05-26,15299.21,GBP,Wire,BR-000305,INV-000513,Pioneer Retail,received,2026-05-26
PMT-000314,CUST-0103,2025-11-26,15015.0,BRL,Wire,BR-000306,INV-000517,Solstice Energy,received,2025-11-26
PMT-000315,CUST-0103,2026-01-10,15015.0,BRL,Wire,BR-000307,INV-000518,Solstice Energy,received,2026-01-10
PMT-000316,CUST-0103,2026-01-09,15015.0,BRL,Wire,BR-000308,INV-000519,Solstice Energy,received,2026-01-09
PMT-000317,CUST-0103,2026-03-06,15015.0,BRL,Wire,BR-000309,INV-000520,Solstice Energy,received,2026-03-06
PMT-000318,CUST-0103,2026-04-01,15015.0,BRL,Wire,BR-000310,INV-000521,Solstice Energy,received,2026-04-01
PMT-000319,CUST-0103,2026-05-08,15015.0,BRL,Card,BR-000311,INV-000522,Solstice Energy,received,2026-05-08
PMT-000320,CUST-0103,2026-05-18,10991.41,BRL,Wire,BR-000312,INV-000523,Solstice Energy,received,2026-05-18
PMT-000321,CUST-0103,2026-03-20,39633.75,BRL,Wire,BR-000313,INV-000528,Solstice Energy,received,2026-03-20
PMT-000322,CUST-0103,2026-05-31,39633.75,BRL,ACH,BR-000314,INV-000529,Solstice Energy,received,2026-05-31
PMT-000323,CUST-0103,2026-03-14,3428.35,BRL,Check,BR-000315,INV-000530,Solstice Energy,received,2026-03-14
PMT-000324,CUST-0103,2026-04-19,2229.15,BRL,Wire,BR-000316,INV-000531,Solstice Energy,received,2026-04-19
PMT-000325,CUST-0103,2026-05-16,2611.49,BRL,ACH,BR-000317,INV-000532,Solstice Energy,received,2026-05-16
PMT-000326,CUST-0103,2026-05-16,2830.99,BRL,ACH,BR-000318,INV-000533,Solstice Energy,received,2026-05-16
PMT-000327,CUST-0104,2025-05-08,363821.25,BRL,ACH,BR-000319,INV-000537,Ironclad Studios,received,2025-05-08
PMT-000328,CUST-0104,2025-05-30,363821.25,BRL,Wire,BR-000320,INV-000538,Ironclad Studios,received,2025-05-30
PMT-000329,CUST-0104,2025-07-06,363821.25,BRL,Card,BR-000321,INV-000539,Ironclad Studios,received,2025-07-06
PMT-000330,CUST-0104,2025-07-09,363821.25,BRL,Card,BR-000322,INV-000540,Ironclad Studios,received,2025-07-09
PMT-000331,CUST-0104,2025-08-12,248030.98,BRL,Check,BR-000323,INV-000541,Ironclad Studios,received,2025-08-12
PMT-000332,CUST-0104,2025-09-28,363821.25,BRL,Check,BR-000324,INV-000542,Ironclad Studios,received,2025-09-28
PMT-000333,CUST-0104,2025-11-02,363821.25,BRL,ACH,BR-000325,INV-000543,Ironclad Studios,received,2025-11-02
PMT-000334,CUST-0104,2025-11-08,363821.25,BRL,Wire,BR-000326,INV-000544,Ironclad Studios,received,2025-11-08
PMT-000335,CUST-0104,2025-12-08,363821.25,BRL,Card,BR-000327,INV-000545,Ironclad Studios,received,2025-12-08
PMT-000336,CUST-0104,2025-12-31,363821.25,BRL,Wire,BR-000328,INV-000546,Ironclad Studios,received,2025-12-31
PMT-000337,CUST-0104,2026-02-24,363821.25,BRL,Wire,BR-000329,INV-000547,Ironclad Studios,received,2026-02-24
PMT-000338,CUST-0104,2026-03-04,363821.25,BRL,Wire,BR-000330,INV-000548,Ironclad Studios,received,2026-03-04
PMT-000339,CUST-0104,2026-03-28,363821.25,BRL,ACH,BR-000331,INV-000549,Ironclad Studios,received,2026-03-28
PMT-000340,CUST-0104,2026-05-31,363821.25,BRL,Wire,BR-000332,INV-000550,Ironclad Studios,received,2026-05-31
PMT-000341,CUST-0104,2026-05-31,363821.25,BRL,ACH,BR-000333,INV-000551,Ironclad Studios,received,2026-05-31
PMT-000342,CUST-0104,2026-05-31,363821.25,BRL,Wire,BR-000334,INV-000552,Ironclad Studios,received,2026-05-31
PMT-000343,CUST-0104,2026-05-31,1028430.0,BRL,Wire,BR-000335,INV-000553,Ironclad Studios,received,2026-05-31
PMT-000344,CUST-0105,2025-06-01,2530000.0,ARS,Wire,BR-000336,INV-000554,Orchard Technologies,received,2025-06-01
PMT-000345,CUST-0105,2026-03-19,9570000.0,ARS,Wire,BR-000337,INV-000555,Orchard Technologies,received,2026-03-19
PMT-000346,CUST-0107,2025-09-25,1469800.0,USD,Wire,BR-000338,INV-000556,Tideline Analytics,received,2025-09-25
PMT-000347,CUST-0108,2025-08-15,5700.0,USD,Wire,BR-000339,INV-000557,Northwind Systems,received,2025-08-15
PMT-000348,CUST-0109,2026-04-25,2265.55,GBP,Wire,BR-000340,INV-000559,Summit Logistics,received,2026-04-25
PMT-000349,CUST-0109,2026-05-31,2685.04,GBP,ACH,BR-000341,INV-000561,Summit Logistics,received,2026-05-31
PMT-000350,CUST-0110,2026-05-31,5366967.77,ARS,Wire,BR-000342,INV-000564,Lumen Foods,received,2026-05-31
PMT-000351,CUST-0110,2025-12-02,10010000.01,ARS,Wire,BR-000343,INV-000565,Lumen Foods,received,2025-12-02
PMT-000352,CUST-0110,2025-10-25,2756576.82,ARS,ACH,BR-000344,INV-000568,Lumen Foods,received,2025-10-25
PMT-000353,CUST-0110,2026-01-02,3015833.33,ARS,Check,BR-000345,INV-000569,Lumen Foods,received,2026-01-02
PMT-000354,CUST-0110,2026-02-21,3015833.33,ARS,Wire,BR-000346,INV-000571,Lumen Foods,received,2026-02-21
PMT-000355,CUST-0110,2026-04-01,3015833.33,ARS,Check,BR-000347,INV-000572,Lumen Foods,received,2026-04-01
PMT-000356,CUST-0110,2026-05-13,3015833.33,ARS,Wire,BR-000348,INV-000574,Lumen Foods,received,2026-05-13
PMT-000357,CUST-0110,2026-05-27,3015833.33,ARS,Wire,BR-000349,INV-000575,Lumen Foods,received,2026-05-27
PMT-000358,CUST-0110,2026-05-31,3015833.33,ARS,Wire,BR-000350,INV-000576,Lumen Foods,received,2026-05-31
PMT-000359,CUST-0111,2025-07-18,221964.05,MXN,Wire,BR-000351,INV-000577,Pioneer Mobility,received,2025-07-18
PMT-000360,CUST-0111,2025-12-16,794000.0,MXN,Wire,BR-000352,INV-000578,Pioneer Mobility,received,2025-12-16
PMT-000361,CUST-0111,2026-04-26,157000.0,MXN,Wire,BR-000353,INV-000579,Pioneer Mobility,received,2026-04-26
PMT-000362,CUST-0111,2025-06-05,159999.99,MXN,ACH,BR-000354,INV-000580,Pioneer Mobility,received,2025-06-05
PMT-000363,CUST-0111,2026-01-27,38666.66,MXN,Wire,BR-000355,INV-000582,Pioneer Mobility,received,2026-01-27
PMT-000364,CUST-0111,2026-03-13,38666.66,MXN,Wire,BR-000356,INV-000583,Pioneer Mobility,received,2026-03-13
PMT-000365,CUST-0111,2026-04-06,38666.66,MXN,ACH,BR-000357,INV-000584,Pioneer Mobility,received,2026-04-06
PMT-000366,CUST-0111,2026-05-09,38666.66,MXN,Wire,BR-000358,INV-000585,Pioneer Mobility,received,2026-05-09
PMT-000367,CUST-0113,2025-06-14,213333.34,MXN,Wire,BR-000359,INV-000590,Ironclad Health,received,2025-06-14
PMT-000368,CUST-0113,2025-07-16,213333.34,MXN,ACH,BR-000360,INV-000591,Ironclad Health,received,2025-07-16
PMT-000369,CUST-0113,2025-08-15,213333.34,MXN,Wire,BR-000361,INV-000592,Ironclad Health,received,2025-08-15
PMT-000370,CUST-0113,2025-08-31,213333.34,MXN,Wire,BR-000362,INV-000593,Ironclad Health,received,2025-08-31
PMT-000371,CUST-0113,2025-11-06,193521.62,MXN,Card,BR-000363,INV-000595,Ironclad Health,received,2025-11-06
PMT-000372,CUST-0113,2025-12-26,213333.34,MXN,Wire,BR-000364,INV-000596,Ironclad Health,received,2025-12-26
PMT-000373,CUST-0113,2026-02-01,213333.34,MXN,Card,BR-000365,INV-000597,Ironclad Health,received,2026-02-01
PMT-000374,CUST-0113,2026-02-11,213333.34,MXN,Wire,BR-000366,INV-000598,Ironclad Health,received,2026-02-11
PMT-000375,CUST-0113,2026-03-06,213333.34,MXN,Card,BR-000367,INV-000599,Ironclad Health,received,2026-03-06
PMT-000376,CUST-0113,2026-05-31,213333.34,MXN,ACH,BR-000368,INV-000602,Ironclad Health,received,2026-05-31
PMT-000377,CUST-0113,2026-05-31,213333.34,MXN,Wire,BR-000369,INV-000603,Ironclad Health,received,2026-05-31
PMT-000378,CUST-0113,2026-05-31,224816.39,MXN,ACH,BR-000370,INV-000605,Ironclad Health,received,2026-05-31
PMT-000379,CUST-0114,2025-08-13,33354.34,GBP,Wire,BR-000371,INV-000606,Orchard Robotics,received,2025-08-13
PMT-000380,CUST-0114,2025-12-06,33354.34,GBP,ACH,BR-000372,INV-000607,Orchard Robotics,received,2025-12-06
PMT-000381,CUST-0114,2026-05-31,33354.34,GBP,ACH,BR-000373,INV-000609,Orchard Robotics,received,2026-05-31
PMT-000382,CUST-0114,2025-06-23,4143.5,GBP,Card,BR-000374,INV-000610,Orchard Robotics,received,2025-06-23
PMT-000383,CUST-0114,2025-07-15,4200.88,GBP,ACH,BR-000375,INV-000611,Orchard Robotics,received,2025-07-15
PMT-000384,CUST-0114,2025-09-12,4386.97,GBP,Wire,BR-000376,INV-000613,Orchard Robotics,received,2025-09-12
PMT-000385,CUST-0114,2025-10-11,5500.39,GBP,ACH,BR-000377,INV-000614,Orchard Robotics,received,2025-10-11
PMT-000386,CUST-0114,2025-12-09,5867.7,GBP,Card,BR-000378,INV-000615,Orchard Robotics,received,2025-12-09
PMT-000387,CUST-0114,2025-12-20,3896.94,GBP,Wire,BR-000379,INV-000616,Orchard Robotics,received,2025-12-20
PMT-000388,CUST-0114,2026-01-05,4575.8,GBP,ACH,BR-000380,INV-000617,Orchard Robotics,received,2026-01-05
PMT-000389,CUST-0114,2026-02-21,3816.84,GBP,Wire,BR-000381,INV-000618,Orchard Robotics,received,2026-02-21
PMT-000390,CUST-0114,2026-04-23,3595.09,GBP,Wire,BR-000382,INV-000621,Orchard Robotics,received,2026-04-23
PMT-000391,CUST-0115,2025-05-05,2708000.0,MXN,Wire,BR-000383,INV-000624,Sterling Ventures,received,2025-05-05
PMT-000392,CUST-0115,2025-12-14,288500.0,MXN,Check,BR-000384,INV-000625,Sterling Ventures,received,2025-12-14
PMT-000393,CUST-0115,2026-02-10,288500.0,MXN,Wire,BR-000385,INV-000626,Sterling Ventures,received,2026-02-10
PMT-000394,CUST-0116,2026-02-12,20500.0,USD,Wire,BR-000386,INV-000628,Tideline Holdings,received,2026-02-12
PMT-000395,CUST-0117,2025-08-18,35800.0,USD,Wire,BR-000387,INV-000629,Northwind Media,received,2025-08-18
PMT-000396,CUST-0119,2025-04-27,3400.0,USD,Wire,BR-000388,INV-000636,Lumen Labs,received,2025-04-27
PMT-000397,CUST-0119,2026-02-08,5300.0,USD,Wire,BR-000389,INV-000637,Lumen Labs,received,2026-02-08
PMT-000398,CUST-0119,2026-04-20,5300.0,USD,ACH,BR-000390,INV-000638,Lumen Labs,received,2026-04-20
PMT-000399,CUST-0120,2025-09-19,120752500.01,ARS,Wire,BR-000391,INV-000639,Pioneer Retail,received,2025-09-19
PMT-000400,CUST-0120,2025-10-07,120752500.01,ARS,Check,BR-000392,INV-000640,Pioneer Retail,received,2025-10-07
PMT-000401,CUST-0120,2025-10-10,120752500.01,ARS,Wire,BR-000393,INV-000641,Pioneer Retail,received,2025-10-10
PMT-000402,CUST-0120,2025-12-10,120752500.01,ARS,Wire,BR-000394,INV-000642,Pioneer Retail,received,2025-12-10
PMT-000403,CUST-0120,2026-01-15,120752500.01,ARS,ACH,BR-000395,INV-000643,Pioneer Retail,received,2026-01-15
PMT-000404,CUST-0120,2026-01-25,120752500.01,ARS,Wire,BR-000396,INV-000644,Pioneer Retail,received,2026-01-25
PMT-000405,CUST-0120,2026-03-09,120752500.01,ARS,Card,BR-000397,INV-000645,Pioneer Retail,received,2026-03-09
PMT-000406,CUST-0120,2026-03-16,120752500.01,ARS,Wire,BR-000398,INV-000646,Pioneer Retail,received,2026-03-16
PMT-000407,CUST-0120,2026-04-20,120752500.01,ARS,Wire,BR-000399,INV-000647,Pioneer Retail,received,2026-04-20
PMT-000408,CUST-0120,2026-05-26,120752500.01,ARS,ACH,BR-000400,INV-000648,Pioneer Retail,received,2026-05-26
PMT-000409,CUST-0121,2026-03-06,965.96,USD,Wire,BR-000401,INV-000652,Solstice Energy,received,2026-03-06
PMT-000410,CUST-0121,2026-04-07,763.73,USD,ACH,BR-000402,INV-000653,Solstice Energy,received,2026-04-07
PMT-000411,CUST-0121,2026-04-01,1156.46,USD,Wire,BR-000403,INV-000654,Solstice Energy,received,2026-04-01
PMT-000412,CUST-0121,2026-05-12,699.57,USD,Wire,BR-000404,INV-000655,Solstice Energy,received,2026-05-12
PMT-000413,CUST-0122,2026-01-01,934.59,EUR,ACH,BR-000405,INV-000658,Ironclad Studios,received,2026-01-01
PMT-000414,CUST-0122,2026-02-04,1111.12,EUR,Wire,BR-000406,INV-000659,Ironclad Studios,received,2026-02-04
PMT-000415,CUST-0122,2026-02-23,1111.12,EUR,ACH,BR-000407,INV-000660,Ironclad Studios,received,2026-02-23
PMT-000416,CUST-0122,2026-04-08,1111.12,EUR,Wire,BR-000408,INV-000661,Ironclad Studios,received,2026-04-08
PMT-000417,CUST-0122,2026-05-11,1111.12,EUR,ACH,BR-000409,INV-000662,Ironclad Studios,received,2026-05-11
PMT-000418,CUST-0123,2025-11-02,64000.0,USD,ACH,BR-000410,INV-000666,Orchard Technologies,received,2025-11-02
PMT-000419,CUST-0124,2026-03-08,146394.88,BRL,ACH,BR-000411,INV-000667,Sterling Capital,received,2026-03-08
PMT-000420,CUST-0125,2026-04-11,3496545.0,BRL,Wire,BR-000412,INV-000668,Tideline Analytics,received,2026-04-11
PMT-000421,CUST-0125,2025-06-04,12011805.0,BRL,Wire,BR-000413,INV-000669,Tideline Analytics,received,2025-06-04
PMT-000422,CUST-0002,2025-09-06,6900.0,USD,Wire,BR-000414,INV-000678,Lumen Foods,received,2025-09-06
PMT-000423,CUST-0007,2025-10-22,15506.35,USD,Card,BR-000415,INV-000679,Sterling Ventures,received,2025-10-22
PMT-000424,CUST-0032,2026-05-28,121505.63,BRL,ACH,BR-000416,INV-000682,Ironclad Studios,received,2026-05-28
PMT-000425,CUST-0044,2026-01-11,95540.0,USD,Card,BR-000417,INV-000683,Tideline Holdings,received,2026-01-11
